order_id,order_date,customer_id,customer_name,segment,product_id,product_name,category,region,quantity,unit_price,discount,cost
O00001,2023-09-25,C027,Kabir Desai,Home Office,P004,Standing Mat,Furniture,Central,3,40.69,0,25
O00001,2023-09-25,C027,Kabir Desai,Home Office,P005,Laptop,Technology,Central,1,883.46,0.05,720
O00001,2023-09-25,C027,Kabir Desai,Home Office,P007,Keyboard,Technology,Central,5,44.81,0,28
O00002,2023-04-13,C010,Isha Shah,Consumer,P009,Webcam,Technology,South,1,62.60,0,38
O00002,2023-04-13,C010,Isha Shah,Consumer,P005,Laptop,Technology,South,2,888.26,0,720
O00003,2024-03-24,C070,Rohan Parikh,Corporate,P010,Notebook Pack,Office Supplies,South,5,11.41,0.1,6
O00003,2024-03-24,C070,Rohan Parikh,Corporate,P013,Marker Set,Office Supplies,South,1,10.43,0,5
O00003,2024-03-24,C070,Rohan Parikh,Corporate,P011,Printer Paper,Office Supplies,South,1,24.41,0,15
O00004,2024-07-20,C020,Sara Mehta,Home Office,P005,Laptop,Technology,West,6,873.32,0.3,720
O00004,2024-07-20,C020,Sara Mehta,Home Office,P010,Notebook Pack,Office Supplies,West,3,12.01,0.3,6
O00004,2024-07-20,C020,Sara Mehta,Home Office,P004,Standing Mat,Furniture,West,4,38.37,0.1,25
O00005,2023-10-11,C017,Vihaan Joshi,Corporate,P003,Bookcase,Furniture,Central,5,153.09,0.1,100
O00005,2023-10-11,C017,Vihaan Joshi,Corporate,P012,Stapler,Office Supplies,Central,6,14.42,0,8
O00005,2023-10-11,C017,Vihaan Joshi,Corporate,P008,Headset,Technology,Central,3,80.36,0,50
O00006,2024-08-19,C071,Riya Bhatt,Home Office,P007,Keyboard,Technology,South,1,44.14,0,28
O00006,2024-08-19,C071,Riya Bhatt,Home Office,P003,Bookcase,Furniture,South,2,145.65,0,100
O00007,2024-11-25,C072,Kabir Desai,Corporate,P010,Notebook Pack,Office Supplies,West,2,12.57,0.2,6
O00007,2024-11-25,C072,Kabir Desai,Corporate,P012,Stapler,Office Supplies,West,6,14.29,0.3,8
O00007,2024-11-25,C072,Kabir Desai,Corporate,P003,Bookcase,Furniture,West,4,154.24,0.3,100
O00007,2024-11-25,C072,Kabir Desai,Corporate,P004,Standing Mat,Furniture,West,6,39.07,0.2,25
O00008,2023-04-21,C049,Anaya Bhatt,Corporate,P014,Binder,Office Supplies,East,4,7.78,0.05,4
O00009,2023-12-26,C030,Diya Patel,Consumer,P001,Office Chair,Furniture,West,3,118.78,0.2,80
O00009,2023-12-26,C030,Diya Patel,Consumer,P011,Printer Paper,Office Supplies,West,3,26.17,0.1,15
O00010,2023-12-26,C052,Sara Desai,Consumer,P001,Office Chair,Furniture,East,3,120.97,0,80
O00010,2023-12-26,C052,Sara Desai,Consumer,P002,Desk,Furniture,East,4,288.25,0,210
O00010,2023-12-26,C052,Sara Desai,Consumer,P005,Laptop,Technology,East,3,920.57,0,720
O00011,2024-03-22,C078,Vihaan Shah,Home Office,P007,Keyboard,Technology,West,1,43.61,0.2,28
O00012,2024-12-17,C069,Kabir Modi,Consumer,P006,Monitor,Technology,South,3,261.22,0,180
O00012,2024-12-17,C069,Kabir Modi,Consumer,P007,Keyboard,Technology,South,1,44.16,0.1,28
O00013,2023-11-04,C053,Riya Patel,Consumer,P007,Keyboard,Technology,East,4,43.32,0.1,28
O00013,2023-11-04,C053,Riya Patel,Consumer,P012,Stapler,Office Supplies,East,6,15.66,0.2,8
O00013,2023-11-04,C053,Riya Patel,Consumer,P005,Laptop,Technology,East,5,936.25,0.2,720
O00014,2024-08-05,C039,Neel Joshi,Home Office,P009,Webcam,Technology,West,5,59.58,0.2,38
O00014,2024-08-05,C039,Neel Joshi,Home Office,P001,Office Chair,Furniture,West,4,121.86,0.2,80
O00014,2024-08-05,C039,Neel Joshi,Home Office,P005,Laptop,Technology,West,2,894.79,0.3,720
O00014,2024-08-05,C039,Neel Joshi,Home Office,P012,Stapler,Office Supplies,West,6,14.96,0.2,8
O00015,2023-06-23,C011,Diya Trivedi,Corporate,P009,Webcam,Technology,Central,2,59.01,0.1,38
O00015,2023-06-23,C011,Diya Trivedi,Corporate,P011,Printer Paper,Office Supplies,Central,2,24.53,0.2,15
O00015,2023-06-23,C011,Diya Trivedi,Corporate,P013,Marker Set,Office Supplies,Central,2,9.52,0,5
O00016,2024-05-01,C079,Sara Thakkar,Consumer,P008,Headset,Technology,East,5,83.09,0.05,50
O00017,2023-07-19,C050,Meera Desai,Consumer,P007,Keyboard,Technology,Central,1,42.77,0.2,28
O00017,2023-07-19,C050,Meera Desai,Consumer,P004,Standing Mat,Furniture,Central,6,38.88,0.05,25
O00017,2023-07-19,C050,Meera Desai,Consumer,P003,Bookcase,Furniture,Central,5,149.47,0.1,100
O00017,2023-07-19,C050,Meera Desai,Consumer,P011,Printer Paper,Office Supplies,Central,1,26.04,0,15
O00018,2024-04-12,C018,Kabir Trivedi,Corporate,P011,Printer Paper,Office Supplies,West,4,26.13,0.3,15
O00018,2024-04-12,C018,Kabir Trivedi,Corporate,P009,Webcam,Technology,West,5,61.89,0.2,38
O00018,2024-04-12,C018,Kabir Trivedi,Corporate,P013,Marker Set,Office Supplies,West,5,10.33,0.3,5
O00018,2024-04-12,C018,Kabir Trivedi,Corporate,P010,Notebook Pack,Office Supplies,West,6,12.48,0.3,6
O00019,2024-05-01,C058,Diya Shah,Home Office,P013,Marker Set,Office Supplies,South,5,10.27,0,5
O00019,2024-05-01,C058,Diya Shah,Home Office,P004,Standing Mat,Furniture,South,3,40.51,0.05,25
O00019,2024-05-01,C058,Diya Shah,Home Office,P011,Printer Paper,Office Supplies,South,3,23.94,0.05,15
O00020,2023-08-29,C035,Neel Bhatt,Corporate,P006,Monitor,Technology,Central,4,241.27,0,180
O00020,2023-08-29,C035,Neel Bhatt,Corporate,P009,Webcam,Technology,Central,2,57.92,0.2,38
O00020,2023-08-29,C035,Neel Bhatt,Corporate,P002,Desk,Furniture,Central,3,297.45,0,210
O00021,2024-07-09,C060,Riya Patel,Home Office,P001,Office Chair,Furniture,East,1,125.35,0.1,80
O00021,2024-07-09,C060,Riya Patel,Home Office,P004,Standing Mat,Furniture,East,1,39.52,0.1,25
O00021,2024-07-09,C060,Riya Patel,Home Office,P007,Keyboard,Technology,East,4,44.09,0,28
O00021,2024-07-09,C060,Riya Patel,Home Office,P012,Stapler,Office Supplies,East,6,15.06,0.05,8
O00022,2024-07-13,C078,Vihaan Shah,Home Office,P008,Headset,Technology,West,1,79.49,0.3,50
O00022,2024-07-13,C078,Vihaan Shah,Home Office,P004,Standing Mat,Furniture,West,6,39.34,0.3,25
O00023,2024-02-19,C022,Neel Bhatt,Consumer,P003,Bookcase,Furniture,Central,6,151.38,0.05,100
O00023,2024-02-19,C022,Neel Bhatt,Consumer,P010,Notebook Pack,Office Supplies,Central,4,11.50,0,6
O00023,2024-02-19,C022,Neel Bhatt,Consumer,P009,Webcam,Technology,Central,2,62.20,0,38
O00023,2024-02-19,C022,Neel Bhatt,Consumer,P001,Office Chair,Furniture,Central,3,117.12,0,80
O00024,2023-08-05,C059,Isha Modi,Corporate,P006,Monitor,Technology,South,4,256.30,0,180
O00024,2023-08-05,C059,Isha Modi,Corporate,P013,Marker Set,Office Supplies,South,4,10.33,0,5
O00024,2023-08-05,C059,Isha Modi,Corporate,P007,Keyboard,Technology,South,1,46.12,0,28
O00025,2023-12-03,C006,Arjun Desai,Home Office,P004,Standing Mat,Furniture,South,5,41.36,0,25
O00026,2023-06-06,C031,Neel Mehta,Home Office,P008,Headset,Technology,South,2,80.51,0,50
O00026,2023-06-06,C031,Neel Mehta,Home Office,P011,Printer Paper,Office Supplies,South,3,25.50,0.05,15
O00027,2023-06-21,C078,Vihaan Shah,Home Office,P013,Marker Set,Office Supplies,West,1,10.46,0.2,5
O00028,2024-08-15,C004,Aarav Patel,Consumer,P010,Notebook Pack,Office Supplies,West,2,12.53,0.3,6
O00028,2024-08-15,C004,Aarav Patel,Consumer,P011,Printer Paper,Office Supplies,West,6,25.23,0.1,15
O00028,2024-08-15,C004,Aarav Patel,Consumer,P007,Keyboard,Technology,West,3,43.21,0.2,28
O00029,2024-12-01,C016,Rohan Shah,Consumer,P006,Monitor,Technology,East,3,248.21,0.1,180
O00030,2023-03-12,C065,Diya Parikh,Home Office,P001,Office Chair,Furniture,East,3,119.20,0,80
O00030,2023-03-12,C065,Diya Parikh,Home Office,P007,Keyboard,Technology,East,4,46.76,0.2,28
O00030,2023-03-12,C065,Diya Parikh,Home Office,P008,Headset,Technology,East,2,77.22,0.2,50
O00031,2024-06-18,C035,Neel Bhatt,Corporate,P008,Headset,Technology,Central,2,78.58,0,50
O00031,2024-06-18,C035,Neel Bhatt,Corporate,P007,Keyboard,Technology,Central,4,44.01,0,28
O00031,2024-06-18,C035,Neel Bhatt,Corporate,P012,Stapler,Office Supplies,Central,5,15.38,0,8
O00031,2024-06-18,C035,Neel Bhatt,Corporate,P010,Notebook Pack,Office Supplies,Central,3,12.20,0.1,6
O00032,2023-01-30,C064,Kabir Joshi,Corporate,P003,Bookcase,Furniture,West,3,154.47,0.3,100
O00032,2023-01-30,C064,Kabir Joshi,Corporate,P008,Headset,Technology,West,6,83.04,0.3,50
O00032,2023-01-30,C064,Kabir Joshi,Corporate,P004,Standing Mat,Furniture,West,5,40.22,0.3,25
O00033,2023-07-15,C011,Diya Trivedi,Corporate,P012,Stapler,Office Supplies,Central,2,15.08,0.05,8
O00033,2023-07-15,C011,Diya Trivedi,Corporate,P007,Keyboard,Technology,Central,6,44.89,0.2,28
O00034,2024-05-17,C058,Diya Shah,Home Office,P002,Desk,Furniture,South,6,291.65,0,210
O00035,2023-09-07,C040,Kabir Trivedi,Consumer,P008,Headset,Technology,East,6,79.40,0,50
O00035,2023-09-07,C040,Kabir Trivedi,Consumer,P009,Webcam,Technology,East,6,58.98,0.1,38
O00035,2023-09-07,C040,Kabir Trivedi,Consumer,P013,Marker Set,Office Supplies,East,3,9.77,0.05,5
O00036,2023-08-25,C016,Rohan Shah,Consumer,P006,Monitor,Technology,East,6,250.90,0.2,180
O00036,2023-08-25,C016,Rohan Shah,Consumer,P002,Desk,Furniture,East,6,290.75,0,210
O00037,2024-05-10,C036,Diya Joshi,Corporate,P002,Desk,Furniture,West,3,295.83,0.2,210
O00037,2024-05-10,C036,Diya Joshi,Corporate,P004,Standing Mat,Furniture,West,2,40.83,0.1,25
O00037,2024-05-10,C036,Diya Joshi,Corporate,P005,Laptop,Technology,West,1,859.10,0.3,720
O00038,2024-07-20,C038,Arjun Mehta,Home Office,P011,Printer Paper,Office Supplies,East,1,24.01,0.05,15
O00038,2024-07-20,C038,Arjun Mehta,Home Office,P013,Marker Set,Office Supplies,East,4,9.78,0.1,5
O00039,2024-03-27,C044,Diya Parikh,Consumer,P001,Office Chair,Furniture,West,1,115.37,0.3,80
O00039,2024-03-27,C044,Diya Parikh,Consumer,P005,Laptop,Technology,West,5,899.26,0.3,720
O00040,2024-10-06,C020,Sara Mehta,Home Office,P013,Marker Set,Office Supplies,West,2,9.59,0.3,5
O00040,2024-10-06,C020,Sara Mehta,Home Office,P010,Notebook Pack,Office Supplies,West,4,12.07,0.1,6
O00041,2024-09-12,C077,Diya Thakkar,Consumer,P013,Marker Set,Office Supplies,West,4,9.95,0.3,5
O00041,2024-09-12,C077,Diya Thakkar,Consumer,P009,Webcam,Technology,West,4,62.16,0.3,38
O00042,2023-11-09,C008,Aarav Mehta,Home Office,P013,Marker Set,Office Supplies,South,3,10.13,0,5
O00043,2024-11-08,C023,Aarav Desai,Consumer,P003,Bookcase,Furniture,Central,6,148.63,0,100
O00044,2024-08-31,C061,Aarav Modi,Home Office,P001,Office Chair,Furniture,Central,4,117.39,0.2,80
O00044,2024-08-31,C061,Aarav Modi,Home Office,P004,Standing Mat,Furniture,Central,3,40.75,0,25
O00044,2024-08-31,C061,Aarav Modi,Home Office,P005,Laptop,Technology,Central,2,908.08,0.2,720
O00045,2024-03-11,C015,Riya Shah,Consumer,P011,Printer Paper,Office Supplies,West,1,25.82,0.3,15
O00045,2024-03-11,C015,Riya Shah,Consumer,P003,Bookcase,Furniture,West,3,144.99,0.1,100
O00046,2024-09-01,C073,Aarav Thakkar,Home Office,P008,Headset,Technology,East,4,78.43,0.2,50
O00046,2024-09-01,C073,Aarav Thakkar,Home Office,P002,Desk,Furniture,East,4,300.01,0,210
O00046,2024-09-01,C073,Aarav Thakkar,Home Office,P014,Binder,Office Supplies,East,1,7.66,0.05,4
O00047,2024-03-18,C042,Diya Trivedi,Corporate,P001,Office Chair,Furniture,West,1,121.05,0.2,80
O00047,2024-03-18,C042,Diya Trivedi,Corporate,P002,Desk,Furniture,West,2,302.29,0.3,210
O00047,2024-03-18,C042,Diya Trivedi,Corporate,P004,Standing Mat,Furniture,West,4,40.08,0.3,25
O00048,2023-10-19,C056,Riya Thakkar,Home Office,P002,Desk,Furniture,South,1,294.63,0,210
O00048,2023-10-19,C056,Riya Thakkar,Home Office,P008,Headset,Technology,South,6,78.64,0,50
O00048,2023-10-19,C056,Riya Thakkar,Home Office,P006,Monitor,Technology,South,4,244.71,0.05,180
O00048,2023-10-19,C056,Riya Thakkar,Home Office,P007,Keyboard,Technology,South,1,42.92,0.1,28
O00049,2023-11-04,C052,Sara Desai,Consumer,P011,Printer Paper,Office Supplies,East,1,24.90,0.1,15
O00050,2023-07-12,C067,Meera Mehta,Corporate,P010,Notebook Pack,Office Supplies,South,1,11.93,0.2,6
O00050,2023-07-12,C067,Meera Mehta,Corporate,P013,Marker Set,Office Supplies,South,2,9.77,0,5
O00050,2023-07-12,C067,Meera Mehta,Corporate,P008,Headset,Technology,South,6,79.50,0,50
O00051,2024-05-11,C016,Rohan Shah,Consumer,P011,Printer Paper,Office Supplies,East,6,25.75,0.1,15
O00052,2023-06-12,C040,Kabir Trivedi,Consumer,P009,Webcam,Technology,East,1,57.56,0.05,38
O00053,2024-04-17,C016,Rohan Shah,Consumer,P008,Headset,Technology,East,3,80.07,0,50
O00053,2024-04-17,C016,Rohan Shah,Consumer,P012,Stapler,Office Supplies,East,4,15.50,0.05,8
O00054,2023-09-07,C059,Isha Modi,Corporate,P007,Keyboard,Technology,South,2,45.04,0.1,28
O00054,2023-09-07,C059,Isha Modi,Corporate,P004,Standing Mat,Furniture,South,4,39.10,0,25
O00055,2023-12-15,C065,Diya Parikh,Home Office,P014,Binder,Office Supplies,East,5,7.84,0.2,4
O00055,2023-12-15,C065,Diya Parikh,Home Office,P001,Office Chair,Furniture,East,4,125.99,0.1,80
O00055,2023-12-15,C065,Diya Parikh,Home Office,P005,Laptop,Technology,East,4,895.19,0,720
O00056,2023-12-25,C070,Rohan Parikh,Corporate,P008,Headset,Technology,South,4,79.06,0.1,50
O00056,2023-12-25,C070,Rohan Parikh,Corporate,P006,Monitor,Technology,South,4,245.45,0,180
O00056,2023-12-25,C070,Rohan Parikh,Corporate,P004,Standing Mat,Furniture,South,4,41.65,0.2,25
O00056,2023-12-25,C070,Rohan Parikh,Corporate,P012,Stapler,Office Supplies,South,6,15.73,0.05,8
O00057,2023-06-05,C064,Kabir Joshi,Corporate,P003,Bookcase,Furniture,West,3,156.98,0.2,100
O00058,2023-04-13,C057,Meera Parikh,Corporate,P009,Webcam,Technology,West,2,57.09,0.3,38
O00059,2024-02-24,C020,Sara Mehta,Home Office,P008,Headset,Technology,West,6,78.71,0.3,50
O00060,2024-02-12,C011,Diya Trivedi,Corporate,P014,Binder,Office Supplies,Central,6,8.36,0.05,4
O00060,2024-02-12,C011,Diya Trivedi,Corporate,P011,Printer Paper,Office Supplies,Central,4,25.97,0.2,15
O00060,2024-02-12,C011,Diya Trivedi,Corporate,P009,Webcam,Technology,Central,1,57.22,0.1,38
O00061,2023-08-29,C037,Anaya Patel,Home Office,P012,Stapler,Office Supplies,Central,6,15.72,0.05,8
O00061,2023-08-29,C037,Anaya Patel,Home Office,P002,Desk,Furniture,Central,4,311.18,0.2,210
O00062,2023-06-20,C039,Neel Joshi,Home Office,P001,Office Chair,Furniture,West,3,123.55,0.3,80
O00063,2024-01-03,C048,Riya Joshi,Corporate,P003,Bookcase,Furniture,Central,2,152.73,0.1,100
O00063,2024-01-03,C048,Riya Joshi,Corporate,P004,Standing Mat,Furniture,Central,5,38.70,0,25
O00063,2024-01-03,C048,Riya Joshi,Corporate,P009,Webcam,Technology,Central,2,60.72,0.05,38
O00063,2024-01-03,C048,Riya Joshi,Corporate,P007,Keyboard,Technology,Central,2,46.86,0.05,28
O00064,2023-08-26,C060,Riya Patel,Home Office,P008,Headset,Technology,East,4,83.19,0,50
O00064,2023-08-26,C060,Riya Patel,Home Office,P005,Laptop,Technology,East,2,915.98,0,720
O00064,2023-08-26,C060,Riya Patel,Home Office,P011,Printer Paper,Office Supplies,East,3,24.85,0,15
O00065,2024-08-24,C039,Neel Joshi,Home Office,P012,Stapler,Office Supplies,West,4,15.75,0.2,8
O00065,2024-08-24,C039,Neel Joshi,Home Office,P005,Laptop,Technology,West,5,876.35,0.1,720
O00065,2024-08-24,C039,Neel Joshi,Home Office,P008,Headset,Technology,West,6,80.60,0.3,50
O00065,2024-08-24,C039,Neel Joshi,Home Office,P013,Marker Set,Office Supplies,West,6,9.52,0.3,5
O00066,2024-02-10,C036,Diya Joshi,Corporate,P010,Notebook Pack,Office Supplies,West,6,12.49,0.1,6
O00067,2024-05-23,C037,Anaya Patel,Home Office,P010,Notebook Pack,Office Supplies,Central,2,11.66,0,6
O00067,2024-05-23,C037,Anaya Patel,Home Office,P013,Marker Set,Office Supplies,Central,6,9.75,0.1,5
O00068,2024-11-06,C018,Kabir Trivedi,Corporate,P011,Printer Paper,Office Supplies,West,4,24.52,0.1,15
O00069,2023-02-04,C075,Sara Parikh,Home Office,P012,Stapler,Office Supplies,West,4,14.74,0.3,8
O00069,2023-02-04,C075,Sara Parikh,Home Office,P003,Bookcase,Furniture,West,5,145.51,0.2,100
O00069,2023-02-04,C075,Sara Parikh,Home Office,P002,Desk,Furniture,West,3,300.93,0.3,210
O00070,2023-06-18,C033,Sara Parikh,Home Office,P013,Marker Set,Office Supplies,Central,1,9.97,0,5
O00070,2023-06-18,C033,Sara Parikh,Home Office,P005,Laptop,Technology,Central,2,922.87,0,720
O00070,2023-06-18,C033,Sara Parikh,Home Office,P012,Stapler,Office Supplies,Central,4,15.34,0.2,8
O00070,2023-06-18,C033,Sara Parikh,Home Office,P006,Monitor,Technology,Central,4,246.64,0.1,180
O00071,2023-01-15,C034,Arjun Patel,Home Office,P008,Headset,Technology,East,6,81.38,0,50
O00072,2023-09-26,C075,Sara Parikh,Home Office,P014,Binder,Office Supplies,West,5,7.98,0.2,4
O00072,2023-09-26,C075,Sara Parikh,Home Office,P011,Printer Paper,Office Supplies,West,5,24.57,0.2,15
O00072,2023-09-26,C075,Sara Parikh,Home Office,P006,Monitor,Technology,West,6,253.69,0.2,180
O00072,2023-09-26,C075,Sara Parikh,Home Office,P002,Desk,Furniture,West,3,312.28,0.3,210
O00073,2024-10-05,C006,Arjun Desai,Home Office,P005,Laptop,Technology,South,2,865.45,0.05,720
O00074,2024-07-04,C018,Kabir Trivedi,Corporate,P008,Headset,Technology,West,6,80.70,0.3,50
O00074,2024-07-04,C018,Kabir Trivedi,Corporate,P006,Monitor,Technology,West,6,259.64,0.2,180
O00074,2024-07-04,C018,Kabir Trivedi,Corporate,P011,Printer Paper,Office Supplies,West,5,25.83,0.1,15
O00074,2024-07-04,C018,Kabir Trivedi,Corporate,P009,Webcam,Technology,West,3,62.63,0.3,38
O00075,2023-02-03,C048,Riya Joshi,Corporate,P008,Headset,Technology,Central,1,82.84,0,50
O00075,2023-02-03,C048,Riya Joshi,Corporate,P014,Binder,Office Supplies,Central,6,7.89,0.2,4
O00076,2024-01-03,C008,Aarav Mehta,Home Office,P005,Laptop,Technology,South,6,914.65,0,720
O00076,2024-01-03,C008,Aarav Mehta,Home Office,P004,Standing Mat,Furniture,South,1,40.39,0.2,25
O00076,2024-01-03,C008,Aarav Mehta,Home Office,P002,Desk,Furniture,South,2,308.60,0,210
O00076,2024-01-03,C008,Aarav Mehta,Home Office,P008,Headset,Technology,South,2,82.30,0,50
O00077,2023-03-12,C071,Riya Bhatt,Home Office,P010,Notebook Pack,Office Supplies,South,2,11.79,0,6
O00077,2023-03-12,C071,Riya Bhatt,Home Office,P004,Standing Mat,Furniture,South,2,38.01,0.1,25
O00078,2023-05-14,C070,Rohan Parikh,Corporate,P013,Marker Set,Office Supplies,South,2,10.37,0.2,5
O00078,2023-05-14,C070,Rohan Parikh,Corporate,P003,Bookcase,Furniture,South,2,147.87,0,100
O00078,2023-05-14,C070,Rohan Parikh,Corporate,P002,Desk,Furniture,South,2,294.71,0.1,210
O00079,2023-09-29,C007,Meera Parikh,Home Office,P012,Stapler,Office Supplies,Central,1,14.42,0.1,8
O00079,2023-09-29,C007,Meera Parikh,Home Office,P007,Keyboard,Technology,Central,3,44.77,0.05,28
O00080,2024-06-09,C076,Aarav Bhatt,Consumer,P008,Headset,Technology,West,5,77.77,0.2,50
O00081,2023-02-14,C067,Meera Mehta,Corporate,P008,Headset,Technology,South,4,83.99,0,50
O00081,2023-02-14,C067,Meera Mehta,Corporate,P011,Printer Paper,Office Supplies,South,4,25.47,0.05,15
O00081,2023-02-14,C067,Meera Mehta,Corporate,P001,Office Chair,Furniture,South,1,124.92,0.2,80
O00082,2023-03-24,C042,Diya Trivedi,Corporate,P002,Desk,Furniture,West,5,303.73,0.3,210
O00082,2023-03-24,C042,Diya Trivedi,Corporate,P003,Bookcase,Furniture,West,4,153.18,0.2,100
O00083,2024-09-03,C068,Anaya Desai,Corporate,P008,Headset,Technology,East,6,76.79,0.05,50
O00083,2024-09-03,C068,Anaya Desai,Corporate,P009,Webcam,Technology,East,6,62.12,0,38
O00083,2024-09-03,C068,Anaya Desai,Corporate,P010,Notebook Pack,Office Supplies,East,2,12.27,0.1,6
O00084,2024-03-16,C058,Diya Shah,Home Office,P007,Keyboard,Technology,South,6,44.54,0.05,28
O00084,2024-03-16,C058,Diya Shah,Home Office,P006,Monitor,Technology,South,3,245.31,0,180
O00085,2024-11-05,C061,Aarav Modi,Home Office,P002,Desk,Furniture,Central,1,287.80,0,210
O00086,2024-01-17,C017,Vihaan Joshi,Corporate,P010,Notebook Pack,Office Supplies,Central,6,12.07,0.1,6
O00087,2023-05-06,C053,Riya Patel,Consumer,P014,Binder,Office Supplies,East,3,7.64,0.2,4
O00087,2023-05-06,C053,Riya Patel,Consumer,P011,Printer Paper,Office Supplies,East,1,24.53,0.1,15
O00087,2023-05-06,C053,Riya Patel,Consumer,P007,Keyboard,Technology,East,2,45.03,0.1,28
O00088,2024-11-28,C014,Neel Thakkar,Corporate,P014,Binder,Office Supplies,West,5,8.21,0.1,4
O00088,2024-11-28,C014,Neel Thakkar,Corporate,P009,Webcam,Technology,West,5,61.84,0.2,38
O00088,2024-11-28,C014,Neel Thakkar,Corporate,P006,Monitor,Technology,West,6,252.84,0.2,180
O00089,2024-07-24,C004,Aarav Patel,Consumer,P001,Office Chair,Furniture,West,3,125.06,0.3,80
O00089,2024-07-24,C004,Aarav Patel,Consumer,P003,Bookcase,Furniture,West,2,145.22,0.1,100
O00089,2024-07-24,C004,Aarav Patel,Consumer,P005,Laptop,Technology,West,1,914.16,0.2,720
O00090,2023-05-26,C004,Aarav Patel,Consumer,P012,Stapler,Office Supplies,West,4,14.57,0.2,8
O00091,2024-04-09,C044,Diya Parikh,Consumer,P006,Monitor,Technology,West,5,256.92,0.3,180
O00091,2024-04-09,C044,Diya Parikh,Consumer,P005,Laptop,Technology,West,1,862.65,0.2,720
O00092,2023-06-09,C021,Kabir Parikh,Corporate,P011,Printer Paper,Office Supplies,Central,6,24.43,0,15
O00093,2024-03-10,C063,Arjun Parikh,Consumer,P007,Keyboard,Technology,South,1,44.30,0,28
O00093,2024-03-10,C063,Arjun Parikh,Consumer,P005,Laptop,Technology,South,5,916.04,0,720
O00093,2024-03-10,C063,Arjun Parikh,Consumer,P004,Standing Mat,Furniture,South,3,40.11,0.05,25
O00093,2024-03-10,C063,Arjun Parikh,Consumer,P009,Webcam,Technology,South,5,58.32,0,38
O00094,2023-02-26,C001,Neel Shah,Consumer,P005,Laptop,Technology,Central,3,923.77,0,720
O00094,2023-02-26,C001,Neel Shah,Consumer,P004,Standing Mat,Furniture,Central,4,38.48,0,25
O00095,2024-03-16,C023,Aarav Desai,Consumer,P007,Keyboard,Technology,Central,5,43.79,0.2,28
O00095,2024-03-16,C023,Aarav Desai,Consumer,P009,Webcam,Technology,Central,1,61.84,0.2,38
O00096,2024-02-11,C006,Arjun Desai,Home Office,P001,Office Chair,Furniture,South,4,119.15,0.1,80
O00096,2024-02-11,C006,Arjun Desai,Home Office,P008,Headset,Technology,South,3,81.12,0.2,50
O00096,2024-02-11,C006,Arjun Desai,Home Office,P002,Desk,Furniture,South,3,297.15,0,210
O00096,2024-02-11,C006,Arjun Desai,Home Office,P006,Monitor,Technology,South,5,257.53,0,180
O00097,2024-04-16,C047,Meera Bhatt,Home Office,P007,Keyboard,Technology,West,5,43.84,0.1,28
O00098,2024-02-15,C068,Anaya Desai,Corporate,P007,Keyboard,Technology,East,2,46.11,0,28
O00099,2023-12-08,C010,Isha Shah,Consumer,P009,Webcam,Technology,South,3,58.16,0.1,38
O00100,2023-12-26,C019,Neel Joshi,Home Office,P002,Desk,Furniture,East,5,290.92,0,210
O00100,2023-12-26,C019,Neel Joshi,Home Office,P003,Bookcase,Furniture,East,6,153.90,0,100
O00101,2023-03-19,C023,Aarav Desai,Consumer,P008,Headset,Technology,Central,5,81.45,0.05,50
O00101,2023-03-19,C023,Aarav Desai,Consumer,P013,Marker Set,Office Supplies,Central,5,10.14,0.2,5
O00101,2023-03-19,C023,Aarav Desai,Consumer,P010,Notebook Pack,Office Supplies,Central,6,12.44,0,6
O00101,2023-03-19,C023,Aarav Desai,Consumer,P012,Stapler,Office Supplies,Central,1,14.48,0,8
O00102,2024-04-25,C057,Meera Parikh,Corporate,P013,Marker Set,Office Supplies,West,1,9.85,0.1,5
O00102,2024-04-25,C057,Meera Parikh,Corporate,P005,Laptop,Technology,West,1,896.56,0.3,720
O00102,2024-04-25,C057,Meera Parikh,Corporate,P010,Notebook Pack,Office Supplies,West,3,11.84,0.1,6
O00103,2023-03-20,C012,Aarav Parikh,Home Office,P008,Headset,Technology,East,5,83.27,0.05,50
O00103,2023-03-20,C012,Aarav Parikh,Home Office,P010,Notebook Pack,Office Supplies,East,5,11.63,0.2,6
O00103,2023-03-20,C012,Aarav Parikh,Home Office,P009,Webcam,Technology,East,1,60.01,0.05,38
O00103,2023-03-20,C012,Aarav Parikh,Home Office,P001,Office Chair,Furniture,East,3,115.24,0.05,80
O00104,2023-03-28,C065,Diya Parikh,Home Office,P001,Office Chair,Furniture,East,4,119.25,0.2,80
O00104,2023-03-28,C065,Diya Parikh,Home Office,P004,Standing Mat,Furniture,East,2,40.09,0.1,25
O00105,2024-01-08,C048,Riya Joshi,Corporate,P007,Keyboard,Technology,Central,6,45.44,0.2,28
O00105,2024-01-08,C048,Riya Joshi,Corporate,P014,Binder,Office Supplies,Central,3,7.87,0.2,4
O00105,2024-01-08,C048,Riya Joshi,Corporate,P006,Monitor,Technology,Central,4,251.45,0,180
O00106,2023-10-28,C078,Vihaan Shah,Home Office,P006,Monitor,Technology,West,3,254.09,0.2,180
O00106,2023-10-28,C078,Vihaan Shah,Home Office,P002,Desk,Furniture,West,6,314.03,0.3,210
O00107,2024-11-20,C011,Diya Trivedi,Corporate,P009,Webcam,Technology,Central,6,61.88,0,38
O00107,2024-11-20,C011,Diya Trivedi,Corporate,P007,Keyboard,Technology,Central,6,46.48,0.2,28
O00107,2024-11-20,C011,Diya Trivedi,Corporate,P011,Printer Paper,Office Supplies,Central,1,26.03,0.2,15
O00108,2024-10-23,C066,Aarav Bhatt,Consumer,P001,Office Chair,Furniture,East,3,125.41,0,80
O00108,2024-10-23,C066,Aarav Bhatt,Consumer,P006,Monitor,Technology,East,2,242.30,0.05,180
O00108,2024-10-23,C066,Aarav Bhatt,Consumer,P005,Laptop,Technology,East,1,861.94,0,720
O00109,2024-06-03,C070,Rohan Parikh,Corporate,P011,Printer Paper,Office Supplies,South,5,25.94,0,15
O00110,2023-05-15,C077,Diya Thakkar,Consumer,P003,Bookcase,Furniture,West,1,153.32,0.2,100
O00110,2023-05-15,C077,Diya Thakkar,Consumer,P014,Binder,Office Supplies,West,6,7.89,0.3,4
O00110,2023-05-15,C077,Diya Thakkar,Consumer,P013,Marker Set,Office Supplies,West,5,10.47,0.2,5
O00110,2023-05-15,C077,Diya Thakkar,Consumer,P010,Notebook Pack,Office Supplies,West,4,12.30,0.3,6
O00111,2023-08-28,C069,Kabir Modi,Consumer,P005,Laptop,Technology,South,2,936.36,0.05,720
O00111,2023-08-28,C069,Kabir Modi,Consumer,P013,Marker Set,Office Supplies,South,5,10.18,0,5
O00112,2024-03-27,C060,Riya Patel,Home Office,P013,Marker Set,Office Supplies,East,2,9.92,0.1,5
O00112,2024-03-27,C060,Riya Patel,Home Office,P007,Keyboard,Technology,East,2,46.36,0,28
O00112,2024-03-27,C060,Riya Patel,Home Office,P009,Webcam,Technology,East,4,57.31,0,38
O00113,2024-01-16,C071,Riya Bhatt,Home Office,P012,Stapler,Office Supplies,South,3,15.53,0.1,8
O00114,2023-03-27,C021,Kabir Parikh,Corporate,P008,Headset,Technology,Central,2,76.73,0.05,50
O00114,2023-03-27,C021,Kabir Parikh,Corporate,P009,Webcam,Technology,Central,1,62.31,0.05,38
O00114,2023-03-27,C021,Kabir Parikh,Corporate,P003,Bookcase,Furniture,Central,5,143.30,0.05,100
O00115,2024-01-18,C031,Neel Mehta,Home Office,P002,Desk,Furniture,South,6,312.92,0,210
O00115,2024-01-18,C031,Neel Mehta,Home Office,P006,Monitor,Technology,South,2,245.88,0.2,180
O00115,2024-01-18,C031,Neel Mehta,Home Office,P004,Standing Mat,Furniture,South,4,38.15,0,25
O00115,2024-01-18,C031,Neel Mehta,Home Office,P001,Office Chair,Furniture,South,6,123.97,0.2,80
O00116,2024-04-25,C058,Diya Shah,Home Office,P002,Desk,Furniture,South,2,292.68,0,210
O00117,2024-07-15,C078,Vihaan Shah,Home Office,P002,Desk,Furniture,West,2,288.66,0.3,210
O00117,2024-07-15,C078,Vihaan Shah,Home Office,P013,Marker Set,Office Supplies,West,5,10.14,0.3,5
O00117,2024-07-15,C078,Vihaan Shah,Home Office,P005,Laptop,Technology,West,4,860.65,0.3,720
O00117,2024-07-15,C078,Vihaan Shah,Home Office,P004,Standing Mat,Furniture,West,6,40.14,0.2,25
O00118,2024-06-11,C074,Riya Trivedi,Consumer,P012,Stapler,Office Supplies,East,5,14.89,0,8
O00118,2024-06-11,C074,Riya Trivedi,Consumer,P003,Bookcase,Furniture,East,4,146.11,0,100
O00119,2023-07-11,C011,Diya Trivedi,Corporate,P002,Desk,Furniture,Central,5,308.59,0.1,210
O00119,2023-07-11,C011,Diya Trivedi,Corporate,P009,Webcam,Technology,Central,4,57.12,0.1,38
O00119,2023-07-11,C011,Diya Trivedi,Corporate,P013,Marker Set,Office Supplies,Central,3,10.14,0,5
O00120,2023-09-17,C003,Neel Bhatt,Consumer,P013,Marker Set,Office Supplies,South,6,10.23,0,5
O00120,2023-09-17,C003,Neel Bhatt,Consumer,P002,Desk,Furniture,South,6,308.15,0,210
O00120,2023-09-17,C003,Neel Bhatt,Consumer,P006,Monitor,Technology,South,3,240.84,0,180
O00121,2024-07-13,C044,Diya Parikh,Consumer,P014,Binder,Office Supplies,West,4,8.38,0.3,4
O00121,2024-07-13,C044,Diya Parikh,Consumer,P013,Marker Set,Office Supplies,West,1,10.31,0.2,5
O00122,2024-04-13,C005,Meera Bhatt,Home Office,P004,Standing Mat,Furniture,East,3,39.26,0,25
O00122,2024-04-13,C005,Meera Bhatt,Home Office,P001,Office Chair,Furniture,East,5,118.78,0.1,80
O00122,2024-04-13,C005,Meera Bhatt,Home Office,P014,Binder,Office Supplies,East,6,7.80,0.05,4
O00123,2023-07-15,C037,Anaya Patel,Home Office,P014,Binder,Office Supplies,Central,1,7.87,0.2,4
O00123,2023-07-15,C037,Anaya Patel,Home Office,P013,Marker Set,Office Supplies,Central,4,9.94,0,5
O00123,2023-07-15,C037,Anaya Patel,Home Office,P001,Office Chair,Furniture,Central,4,119.28,0.2,80
O00124,2023-12-14,C064,Kabir Joshi,Corporate,P006,Monitor,Technology,West,1,255.68,0.1,180
O00124,2023-12-14,C064,Kabir Joshi,Corporate,P013,Marker Set,Office Supplies,West,2,10.10,0.3,5
O00124,2023-12-14,C064,Kabir Joshi,Corporate,P009,Webcam,Technology,West,1,58.76,0.2,38
O00124,2023-12-14,C064,Kabir Joshi,Corporate,P005,Laptop,Technology,West,3,884.51,0.1,720
O00125,2023-11-23,C055,Rohan Parikh,Consumer,P012,Stapler,Office Supplies,West,6,14.92,0.3,8
O00125,2023-11-23,C055,Rohan Parikh,Consumer,P008,Headset,Technology,West,4,80.92,0.3,50
O00126,2023-10-09,C008,Aarav Mehta,Home Office,P011,Printer Paper,Office Supplies,South,5,24.77,0.2,15
O00127,2024-11-01,C019,Neel Joshi,Home Office,P001,Office Chair,Furniture,East,4,118.40,0.2,80
O00127,2024-11-01,C019,Neel Joshi,Home Office,P003,Bookcase,Furniture,East,2,142.99,0.1,100
O00127,2024-11-01,C019,Neel Joshi,Home Office,P002,Desk,Furniture,East,3,298.50,0.2,210
O00127,2024-11-01,C019,Neel Joshi,Home Office,P004,Standing Mat,Furniture,East,1,39.78,0,25
O00128,2024-08-10,C018,Kabir Trivedi,Corporate,P007,Keyboard,Technology,West,1,43.87,0.3,28
O00128,2024-08-10,C018,Kabir Trivedi,Corporate,P006,Monitor,Technology,West,4,255.89,0.1,180
O00128,2024-08-10,C018,Kabir Trivedi,Corporate,P011,Printer Paper,Office Supplies,West,5,24.72,0.2,15
O00129,2023-05-01,C034,Arjun Patel,Home Office,P012,Stapler,Office Supplies,East,4,14.68,0.1,8
O00129,2023-05-01,C034,Arjun Patel,Home Office,P008,Headset,Technology,East,1,76.98,0,50
O00129,2023-05-01,C034,Arjun Patel,Home Office,P004,Standing Mat,Furniture,East,6,38.69,0.05,25
O00130,2024-03-31,C012,Aarav Parikh,Home Office,P011,Printer Paper,Office Supplies,East,3,25.12,0,15
O00130,2024-03-31,C012,Aarav Parikh,Home Office,P006,Monitor,Technology,East,6,258.78,0,180
O00130,2024-03-31,C012,Aarav Parikh,Home Office,P012,Stapler,Office Supplies,East,6,15.64,0.2,8
O00131,2023-06-28,C047,Meera Bhatt,Home Office,P002,Desk,Furniture,West,4,292.10,0.2,210
O00131,2023-06-28,C047,Meera Bhatt,Home Office,P004,Standing Mat,Furniture,West,5,39.44,0.1,25
O00132,2024-01-13,C060,Riya Patel,Home Office,P010,Notebook Pack,Office Supplies,East,6,11.77,0,6
O00132,2024-01-13,C060,Riya Patel,Home Office,P002,Desk,Furniture,East,4,299.36,0.2,210
O00133,2024-02-24,C074,Riya Trivedi,Consumer,P003,Bookcase,Furniture,East,4,152.14,0,100
O00134,2024-04-22,C067,Meera Mehta,Corporate,P003,Bookcase,Furniture,South,2,151.32,0.2,100
O00134,2024-04-22,C067,Meera Mehta,Corporate,P013,Marker Set,Office Supplies,South,1,10.00,0.05,5
O00134,2024-04-22,C067,Meera Mehta,Corporate,P009,Webcam,Technology,South,3,60.11,0,38
O00135,2023-06-18,C021,Kabir Parikh,Corporate,P012,Stapler,Office Supplies,Central,1,15.59,0.1,8
O00135,2023-06-18,C021,Kabir Parikh,Corporate,P004,Standing Mat,Furniture,Central,5,38.79,0,25
O00135,2023-06-18,C021,Kabir Parikh,Corporate,P006,Monitor,Technology,Central,3,240.63,0,180
O00136,2024-09-21,C069,Kabir Modi,Consumer,P009,Webcam,Technology,South,5,58.01,0.2,38
O00137,2023-06-07,C022,Neel Bhatt,Consumer,P014,Binder,Office Supplies,Central,6,7.66,0,4
O00137,2023-06-07,C022,Neel Bhatt,Consumer,P010,Notebook Pack,Office Supplies,Central,2,11.72,0.1,6
O00137,2023-06-07,C022,Neel Bhatt,Consumer,P001,Office Chair,Furniture,Central,6,119.00,0.1,80
O00138,2023-02-01,C064,Kabir Joshi,Corporate,P011,Printer Paper,Office Supplies,West,6,25.76,0.2,15
O00138,2023-02-01,C064,Kabir Joshi,Corporate,P005,Laptop,Technology,West,1,881.77,0.3,720
O00138,2023-02-01,C064,Kabir Joshi,Corporate,P008,Headset,Technology,West,4,77.26,0.1,50
O00139,2024-05-10,C060,Riya Patel,Home Office,P006,Monitor,Technology,East,6,245.31,0,180
O00139,2024-05-10,C060,Riya Patel,Home Office,P010,Notebook Pack,Office Supplies,East,3,12.28,0,6
O00140,2024-02-13,C017,Vihaan Joshi,Corporate,P009,Webcam,Technology,Central,1,58.45,0,38
O00140,2024-02-13,C017,Vihaan Joshi,Corporate,P014,Binder,Office Supplies,Central,2,7.96,0,4
O00140,2024-02-13,C017,Vihaan Joshi,Corporate,P002,Desk,Furniture,Central,4,286.52,0,210
O00141,2024-09-22,C054,Aarav Trivedi,Consumer,P014,Binder,Office Supplies,West,6,8.35,0.3,4
O00141,2024-09-22,C054,Aarav Trivedi,Consumer,P003,Bookcase,Furniture,West,2,145.35,0.3,100
O00142,2024-05-25,C066,Aarav Bhatt,Consumer,P008,Headset,Technology,East,5,83.56,0,50
O00142,2024-05-25,C066,Aarav Bhatt,Consumer,P005,Laptop,Technology,East,2,942.00,0.05,720
O00142,2024-05-25,C066,Aarav Bhatt,Consumer,P014,Binder,Office Supplies,East,1,7.88,0.1,4
O00142,2024-05-25,C066,Aarav Bhatt,Consumer,P001,Office Chair,Furniture,East,6,119.94,0,80
O00143,2024-11-18,C002,Meera Desai,Consumer,P007,Keyboard,Technology,East,6,46.72,0,28
O00144,2024-01-10,C052,Sara Desai,Consumer,P001,Office Chair,Furniture,East,3,120.74,0.1,80
O00144,2024-01-10,C052,Sara Desai,Consumer,P007,Keyboard,Technology,East,4,44.05,0.1,28
O00144,2024-01-10,C052,Sara Desai,Consumer,P014,Binder,Office Supplies,East,5,7.96,0.1,4
O00145,2023-10-14,C080,Vihaan Thakkar,Home Office,P003,Bookcase,Furniture,Central,3,148.41,0,100
O00146,2024-07-25,C047,Meera Bhatt,Home Office,P004,Standing Mat,Furniture,West,1,39.61,0.2,25
O00146,2024-07-25,C047,Meera Bhatt,Home Office,P010,Notebook Pack,Office Supplies,West,6,11.45,0.1,6
O00147,2023-12-08,C067,Meera Mehta,Corporate,P003,Bookcase,Furniture,South,3,156.47,0,100
O00147,2023-12-08,C067,Meera Mehta,Corporate,P010,Notebook Pack,Office Supplies,South,5,11.87,0,6
O00147,2023-12-08,C067,Meera Mehta,Corporate,P009,Webcam,Technology,South,5,62.06,0.2,38
O00147,2023-12-08,C067,Meera Mehta,Corporate,P014,Binder,Office Supplies,South,5,8.01,0,4
O00148,2024-06-29,C063,Arjun Parikh,Consumer,P008,Headset,Technology,South,4,81.39,0,50
O00148,2024-06-29,C063,Arjun Parikh,Consumer,P001,Office Chair,Furniture,South,6,117.69,0.1,80
O00148,2024-06-29,C063,Arjun Parikh,Consumer,P006,Monitor,Technology,South,5,253.23,0.2,180
O00149,2024-04-30,C034,Arjun Patel,Home Office,P012,Stapler,Office Supplies,East,5,14.97,0.1,8
O00149,2024-04-30,C034,Arjun Patel,Home Office,P001,Office Chair,Furniture,East,4,122.65,0.2,80
O00150,2023-06-01,C032,Sara Shah,Corporate,P010,Notebook Pack,Office Supplies,South,1,11.53,0.2,6
O00151,2024-03-27,C041,Sara Trivedi,Corporate,P003,Bookcase,Furniture,East,5,150.03,0.05,100
O00151,2024-03-27,C041,Sara Trivedi,Corporate,P007,Keyboard,Technology,East,6,46.68,0.05,28
O00151,2024-03-27,C041,Sara Trivedi,Corporate,P012,Stapler,Office Supplies,East,2,14.34,0.2,8
O00151,2024-03-27,C041,Sara Trivedi,Corporate,P004,Standing Mat,Furniture,East,3,38.83,0.1,25
O00152,2024-11-13,C041,Sara Trivedi,Corporate,P008,Headset,Technology,East,6,80.37,0,50
O00152,2024-11-13,C041,Sara Trivedi,Corporate,P009,Webcam,Technology,East,6,61.08,0.2,38
O00153,2023-09-28,C079,Sara Thakkar,Consumer,P004,Standing Mat,Furniture,East,3,38.90,0,25
O00153,2023-09-28,C079,Sara Thakkar,Consumer,P014,Binder,Office Supplies,East,6,8.16,0,4
O00153,2023-09-28,C079,Sara Thakkar,Consumer,P005,Laptop,Technology,East,4,899.01,0.2,720
O00153,2023-09-28,C079,Sara Thakkar,Consumer,P009,Webcam,Technology,East,6,60.36,0,38
O00154,2023-10-19,C070,Rohan Parikh,Corporate,P007,Keyboard,Technology,South,6,44.04,0,28
O00154,2023-10-19,C070,Rohan Parikh,Corporate,P006,Monitor,Technology,South,4,246.16,0,180
O00154,2023-10-19,C070,Rohan Parikh,Corporate,P003,Bookcase,Furniture,South,4,146.35,0.2,100
O00154,2023-10-19,C070,Rohan Parikh,Corporate,P005,Laptop,Technology,South,5,873.19,0,720
O00155,2023-10-05,C035,Neel Bhatt,Corporate,P002,Desk,Furniture,Central,2,302.60,0.2,210
O00155,2023-10-05,C035,Neel Bhatt,Corporate,P010,Notebook Pack,Office Supplies,Central,5,12.20,0,6
O00156,2023-08-20,C030,Diya Patel,Consumer,P002,Desk,Furniture,West,4,294.91,0.3,210
O00157,2023-04-13,C018,Kabir Trivedi,Corporate,P009,Webcam,Technology,West,4,59.44,0.2,38
O00158,2024-05-03,C026,Vihaan Parikh,Consumer,P006,Monitor,Technology,Central,1,260.20,0,180
O00158,2024-05-03,C026,Vihaan Parikh,Consumer,P005,Laptop,Technology,Central,5,906.67,0.2,720
O00158,2024-05-03,C026,Vihaan Parikh,Consumer,P011,Printer Paper,Office Supplies,Central,1,25.56,0.2,15
O00159,2023-06-29,C054,Aarav Trivedi,Consumer,P001,Office Chair,Furniture,West,6,116.24,0.3,80
O00159,2023-06-29,C054,Aarav Trivedi,Consumer,P007,Keyboard,Technology,West,1,46.70,0.3,28
O00160,2023-11-02,C014,Neel Thakkar,Corporate,P005,Laptop,Technology,West,2,902.19,0.2,720
O00160,2023-11-02,C014,Neel Thakkar,Corporate,P008,Headset,Technology,West,2,79.74,0.2,50
O00160,2023-11-02,C014,Neel Thakkar,Corporate,P011,Printer Paper,Office Supplies,West,6,24.58,0.1,15
O00161,2024-04-14,C033,Sara Parikh,Home Office,P001,Office Chair,Furniture,Central,5,123.49,0,80
O00161,2024-04-14,C033,Sara Parikh,Home Office,P012,Stapler,Office Supplies,Central,2,15.39,0.2,8
O00162,2024-09-17,C052,Sara Desai,Consumer,P009,Webcam,Technology,East,2,57.57,0.2,38
O00162,2024-09-17,C052,Sara Desai,Consumer,P006,Monitor,Technology,East,2,245.59,0.05,180
O00162,2024-09-17,C052,Sara Desai,Consumer,P002,Desk,Furniture,East,2,292.82,0,210
O00162,2024-09-17,C052,Sara Desai,Consumer,P007,Keyboard,Technology,East,3,46.14,0.05,28
O00163,2023-11-06,C074,Riya Trivedi,Consumer,P005,Laptop,Technology,East,2,887.36,0.2,720
O00164,2023-03-05,C016,Rohan Shah,Consumer,P005,Laptop,Technology,East,6,938.08,0.1,720
O00164,2023-03-05,C016,Rohan Shah,Consumer,P003,Bookcase,Furniture,East,6,152.85,0,100
O00164,2023-03-05,C016,Rohan Shah,Consumer,P007,Keyboard,Technology,East,2,44.40,0,28
O00164,2023-03-05,C016,Rohan Shah,Consumer,P011,Printer Paper,Office Supplies,East,4,26.14,0,15
O00165,2023-06-06,C059,Isha Modi,Corporate,P007,Keyboard,Technology,South,6,46.16,0.05,28
O00165,2023-06-06,C059,Isha Modi,Corporate,P012,Stapler,Office Supplies,South,6,15.39,0,8
O00165,2023-06-06,C059,Isha Modi,Corporate,P009,Webcam,Technology,South,1,62.24,0.1,38
O00166,2024-06-22,C058,Diya Shah,Home Office,P002,Desk,Furniture,South,5,309.86,0,210
O00166,2024-06-22,C058,Diya Shah,Home Office,P010,Notebook Pack,Office Supplies,South,2,12.09,0,6
O00166,2024-06-22,C058,Diya Shah,Home Office,P014,Binder,Office Supplies,South,5,7.86,0,4
O00167,2024-03-28,C015,Riya Shah,Consumer,P012,Stapler,Office Supplies,West,5,14.39,0.3,8
O00167,2024-03-28,C015,Riya Shah,Consumer,P010,Notebook Pack,Office Supplies,West,4,12.37,0.3,6
O00168,2023-05-16,C066,Aarav Bhatt,Consumer,P008,Headset,Technology,East,3,81.38,0.05,50
O00168,2023-05-16,C066,Aarav Bhatt,Consumer,P010,Notebook Pack,Office Supplies,East,3,11.43,0.2,6
O00168,2023-05-16,C066,Aarav Bhatt,Consumer,P001,Office Chair,Furniture,East,5,122.95,0,80
O00168,2023-05-16,C066,Aarav Bhatt,Consumer,P009,Webcam,Technology,East,3,57.27,0,38
O00169,2024-12-02,C009,Isha Joshi,Consumer,P001,Office Chair,Furniture,West,6,123.19,0.2,80
O00169,2024-12-02,C009,Isha Joshi,Consumer,P005,Laptop,Technology,West,4,888.70,0.3,720
O00169,2024-12-02,C009,Isha Joshi,Consumer,P007,Keyboard,Technology,West,4,46.66,0.3,28
O00169,2024-12-02,C009,Isha Joshi,Consumer,P003,Bookcase,Furniture,West,6,143.70,0.3,100
O00170,2024-07-06,C018,Kabir Trivedi,Corporate,P002,Desk,Furniture,West,6,300.87,0.3,210
O00170,2024-07-06,C018,Kabir Trivedi,Corporate,P003,Bookcase,Furniture,West,1,155.02,0.2,100
O00170,2024-07-06,C018,Kabir Trivedi,Corporate,P009,Webcam,Technology,West,6,59.78,0.3,38
O00171,2024-07-11,C055,Rohan Parikh,Consumer,P014,Binder,Office Supplies,West,2,7.72,0.3,4
O00171,2024-07-11,C055,Rohan Parikh,Consumer,P004,Standing Mat,Furniture,West,6,38.13,0.1,25
O00171,2024-07-11,C055,Rohan Parikh,Consumer,P013,Marker Set,Office Supplies,West,1,10.11,0.3,5
O00171,2024-07-11,C055,Rohan Parikh,Consumer,P008,Headset,Technology,West,1,77.65,0.2,50
O00172,2024-08-31,C005,Meera Bhatt,Home Office,P010,Notebook Pack,Office Supplies,East,4,12.29,0,6
O00172,2024-08-31,C005,Meera Bhatt,Home Office,P011,Printer Paper,Office Supplies,East,2,24.34,0.05,15
O00172,2024-08-31,C005,Meera Bhatt,Home Office,P012,Stapler,Office Supplies,East,3,14.46,0,8
O00172,2024-08-31,C005,Meera Bhatt,Home Office,P001,Office Chair,Furniture,East,6,123.79,0,80
O00173,2024-08-12,C041,Sara Trivedi,Corporate,P004,Standing Mat,Furniture,East,4,40.09,0.2,25
O00173,2024-08-12,C041,Sara Trivedi,Corporate,P005,Laptop,Technology,East,5,879.76,0,720
O00173,2024-08-12,C041,Sara Trivedi,Corporate,P003,Bookcase,Furniture,East,2,155.70,0.1,100
O00174,2024-10-03,C072,Kabir Desai,Corporate,P001,Office Chair,Furniture,West,3,123.43,0.3,80
O00174,2024-10-03,C072,Kabir Desai,Corporate,P006,Monitor,Technology,West,3,247.71,0.3,180
O00174,2024-10-03,C072,Kabir Desai,Corporate,P011,Printer Paper,Office Supplies,West,5,24.21,0.3,15
O00174,2024-10-03,C072,Kabir Desai,Corporate,P012,Stapler,Office Supplies,West,2,14.61,0.3,8
O00175,2023-11-04,C019,Neel Joshi,Home Office,P001,Office Chair,Furniture,East,4,120.36,0.1,80
O00175,2023-11-04,C019,Neel Joshi,Home Office,P009,Webcam,Technology,East,3,58.53,0,38
O00175,2023-11-04,C019,Neel Joshi,Home Office,P007,Keyboard,Technology,East,4,43.11,0.2,28
O00175,2023-11-04,C019,Neel Joshi,Home Office,P012,Stapler,Office Supplies,East,6,14.39,0,8
O00176,2023-07-15,C007,Meera Parikh,Home Office,P007,Keyboard,Technology,Central,1,42.93,0.1,28
O00176,2023-07-15,C007,Meera Parikh,Home Office,P011,Printer Paper,Office Supplies,Central,5,25.76,0,15
O00176,2023-07-15,C007,Meera Parikh,Home Office,P010,Notebook Pack,Office Supplies,Central,2,12.21,0.2,6
O00177,2024-05-05,C027,Kabir Desai,Home Office,P005,Laptop,Technology,Central,1,941.59,0,720
O00177,2024-05-05,C027,Kabir Desai,Home Office,P001,Office Chair,Furniture,Central,4,125.99,0.2,80
O00177,2024-05-05,C027,Kabir Desai,Home Office,P004,Standing Mat,Furniture,Central,6,40.78,0,25
O00178,2023-07-29,C051,Aarav Thakkar,Home Office,P009,Webcam,Technology,West,5,59.28,0.3,38
O00178,2023-07-29,C051,Aarav Thakkar,Home Office,P006,Monitor,Technology,West,3,245.21,0.3,180
O00179,2024-06-09,C064,Kabir Joshi,Corporate,P002,Desk,Furniture,West,3,312.43,0.3,210
O00179,2024-06-09,C064,Kabir Joshi,Corporate,P013,Marker Set,Office Supplies,West,5,9.91,0.3,5
O00179,2024-06-09,C064,Kabir Joshi,Corporate,P012,Stapler,Office Supplies,West,1,15.36,0.2,8
O00179,2024-06-09,C064,Kabir Joshi,Corporate,P008,Headset,Technology,West,5,80.43,0.3,50
O00180,2024-08-16,C054,Aarav Trivedi,Consumer,P003,Bookcase,Furniture,West,2,148.20,0.2,100
O00180,2024-08-16,C054,Aarav Trivedi,Consumer,P004,Standing Mat,Furniture,West,6,40.20,0.3,25
O00180,2024-08-16,C054,Aarav Trivedi,Consumer,P006,Monitor,Technology,West,4,243.93,0.3,180
O00181,2024-10-19,C059,Isha Modi,Corporate,P012,Stapler,Office Supplies,South,6,14.50,0,8
O00181,2024-10-19,C059,Isha Modi,Corporate,P013,Marker Set,Office Supplies,South,5,9.99,0.1,5
O00182,2024-10-19,C068,Anaya Desai,Corporate,P014,Binder,Office Supplies,East,6,8.36,0,4
O00183,2023-02-19,C001,Neel Shah,Consumer,P003,Bookcase,Furniture,Central,2,144.77,0.2,100
O00183,2023-02-19,C001,Neel Shah,Consumer,P011,Printer Paper,Office Supplies,Central,1,24.89,0.1,15
O00183,2023-02-19,C001,Neel Shah,Consumer,P004,Standing Mat,Furniture,Central,5,40.55,0.1,25
O00183,2023-02-19,C001,Neel Shah,Consumer,P002,Desk,Furniture,Central,1,304.78,0.05,210
O00184,2023-01-07,C069,Kabir Modi,Consumer,P001,Office Chair,Furniture,South,1,125.73,0.1,80
O00184,2023-01-07,C069,Kabir Modi,Consumer,P014,Binder,Office Supplies,South,6,8.25,0.1,4
O00184,2023-01-07,C069,Kabir Modi,Consumer,P009,Webcam,Technology,South,2,61.84,0.05,38
O00184,2023-01-07,C069,Kabir Modi,Consumer,P005,Laptop,Technology,South,5,937.62,0,720
O00185,2023-06-02,C031,Neel Mehta,Home Office,P010,Notebook Pack,Office Supplies,South,3,12.38,0,6
O00185,2023-06-02,C031,Neel Mehta,Home Office,P009,Webcam,Technology,South,4,57.47,0.05,38
O00186,2024-04-15,C073,Aarav Thakkar,Home Office,P012,Stapler,Office Supplies,East,1,15.28,0,8
O00186,2024-04-15,C073,Aarav Thakkar,Home Office,P004,Standing Mat,Furniture,East,6,41.97,0.2,25
O00187,2023-02-02,C012,Aarav Parikh,Home Office,P007,Keyboard,Technology,East,6,45.62,0,28
O00187,2023-02-02,C012,Aarav Parikh,Home Office,P014,Binder,Office Supplies,East,4,7.67,0,4
O00187,2023-02-02,C012,Aarav Parikh,Home Office,P009,Webcam,Technology,East,5,61.71,0.2,38
O00187,2023-02-02,C012,Aarav Parikh,Home Office,P008,Headset,Technology,East,1,83.16,0,50
O00188,2023-08-24,C028,Riya Thakkar,Corporate,P005,Laptop,Technology,South,5,935.94,0,720
O00188,2023-08-24,C028,Riya Thakkar,Corporate,P001,Office Chair,Furniture,South,3,114.39,0.2,80
O00188,2023-08-24,C028,Riya Thakkar,Corporate,P002,Desk,Furniture,South,5,313.84,0,210
O00188,2023-08-24,C028,Riya Thakkar,Corporate,P011,Printer Paper,Office Supplies,South,6,25.63,0,15
O00189,2024-02-12,C010,Isha Shah,Consumer,P003,Bookcase,Furniture,South,4,155.02,0.1,100
O00189,2024-02-12,C010,Isha Shah,Consumer,P010,Notebook Pack,Office Supplies,South,3,12.48,0.2,6
O00189,2024-02-12,C010,Isha Shah,Consumer,P004,Standing Mat,Furniture,South,2,41.02,0.05,25
O00190,2024-12-06,C065,Diya Parikh,Home Office,P001,Office Chair,Furniture,East,3,124.06,0,80
O00190,2024-12-06,C065,Diya Parikh,Home Office,P002,Desk,Furniture,East,5,308.07,0.1,210
O00190,2024-12-06,C065,Diya Parikh,Home Office,P007,Keyboard,Technology,East,3,47.11,0.05,28
O00191,2023-01-31,C035,Neel Bhatt,Corporate,P008,Headset,Technology,Central,6,79.45,0.05,50
O00191,2023-01-31,C035,Neel Bhatt,Corporate,P004,Standing Mat,Furniture,Central,1,40.64,0.1,25
O00191,2023-01-31,C035,Neel Bhatt,Corporate,P006,Monitor,Technology,Central,2,244.88,0.1,180
O00191,2023-01-31,C035,Neel Bhatt,Corporate,P009,Webcam,Technology,Central,3,57.44,0.2,38
O00192,2023-06-07,C049,Anaya Bhatt,Corporate,P012,Stapler,Office Supplies,East,1,14.79,0,8
O00192,2023-06-07,C049,Anaya Bhatt,Corporate,P007,Keyboard,Technology,East,4,46.99,0,28
O00193,2024-01-04,C035,Neel Bhatt,Corporate,P003,Bookcase,Furniture,Central,4,145.31,0,100
O00194,2024-07-24,C072,Kabir Desai,Corporate,P002,Desk,Furniture,West,5,287.79,0.2,210
O00194,2024-07-24,C072,Kabir Desai,Corporate,P001,Office Chair,Furniture,West,1,124.36,0.3,80
O00194,2024-07-24,C072,Kabir Desai,Corporate,P014,Binder,Office Supplies,West,1,7.93,0.3,4
O00194,2024-07-24,C072,Kabir Desai,Corporate,P006,Monitor,Technology,West,2,260.13,0.2,180
O00195,2024-08-08,C067,Meera Mehta,Corporate,P011,Printer Paper,Office Supplies,South,3,24.10,0,15
O00195,2024-08-08,C067,Meera Mehta,Corporate,P007,Keyboard,Technology,South,1,44.97,0,28
O00196,2023-06-21,C056,Riya Thakkar,Home Office,P007,Keyboard,Technology,South,2,44.38,0,28
O00196,2023-06-21,C056,Riya Thakkar,Home Office,P005,Laptop,Technology,South,5,911.25,0.2,720
O00196,2023-06-21,C056,Riya Thakkar,Home Office,P008,Headset,Technology,South,1,77.56,0.1,50
O00197,2023-05-19,C039,Neel Joshi,Home Office,P007,Keyboard,Technology,West,4,46.54,0.3,28
O00198,2023-12-14,C077,Diya Thakkar,Consumer,P005,Laptop,Technology,West,2,940.26,0.2,720
O00198,2023-12-14,C077,Diya Thakkar,Consumer,P006,Monitor,Technology,West,4,245.35,0.3,180
O00199,2023-11-23,C063,Arjun Parikh,Consumer,P006,Monitor,Technology,South,4,257.91,0,180
O00199,2023-11-23,C063,Arjun Parikh,Consumer,P007,Keyboard,Technology,South,5,43.26,0,28
O00200,2023-07-24,C076,Aarav Bhatt,Consumer,P011,Printer Paper,Office Supplies,West,6,23.82,0.2,15
O00200,2023-07-24,C076,Aarav Bhatt,Consumer,P013,Marker Set,Office Supplies,West,2,10.44,0.3,5
O00201,2024-03-24,C038,Arjun Mehta,Home Office,P014,Binder,Office Supplies,East,2,8.14,0.05,4
O00202,2024-10-09,C020,Sara Mehta,Home Office,P013,Marker Set,Office Supplies,West,4,9.98,0.2,5
O00202,2024-10-09,C020,Sara Mehta,Home Office,P007,Keyboard,Technology,West,6,45.03,0.2,28
O00202,2024-10-09,C020,Sara Mehta,Home Office,P002,Desk,Furniture,West,3,301.31,0.3,210
O00202,2024-10-09,C020,Sara Mehta,Home Office,P008,Headset,Technology,West,1,80.75,0.2,50
O00203,2023-04-22,C032,Sara Shah,Corporate,P003,Bookcase,Furniture,South,6,150.95,0,100
O00203,2023-04-22,C032,Sara Shah,Corporate,P011,Printer Paper,Office Supplies,South,3,25.37,0.2,15
O00203,2023-04-22,C032,Sara Shah,Corporate,P010,Notebook Pack,Office Supplies,South,1,11.53,0.05,6
O00204,2023-09-22,C029,Isha Desai,Consumer,P008,Headset,Technology,South,6,79.70,0.05,50
O00204,2023-09-22,C029,Isha Desai,Consumer,P006,Monitor,Technology,South,2,254.76,0.1,180
O00205,2023-12-20,C062,Diya Desai,Consumer,P005,Laptop,Technology,West,1,937.85,0.3,720
O00206,2023-04-29,C019,Neel Joshi,Home Office,P005,Laptop,Technology,East,3,901.90,0,720
O00206,2023-04-29,C019,Neel Joshi,Home Office,P006,Monitor,Technology,East,6,239.94,0.05,180
O00206,2023-04-29,C019,Neel Joshi,Home Office,P008,Headset,Technology,East,1,79.62,0.2,50
O00207,2023-11-23,C015,Riya Shah,Consumer,P014,Binder,Office Supplies,West,6,8.12,0.3,4
O00208,2023-06-18,C032,Sara Shah,Corporate,P009,Webcam,Technology,South,4,60.36,0,38
O00208,2023-06-18,C032,Sara Shah,Corporate,P003,Bookcase,Furniture,South,6,154.47,0,100
O00209,2023-07-08,C024,Vihaan Joshi,Consumer,P007,Keyboard,Technology,West,4,44.77,0.2,28
O00209,2023-07-08,C024,Vihaan Joshi,Consumer,P001,Office Chair,Furniture,West,2,114.05,0.3,80
O00209,2023-07-08,C024,Vihaan Joshi,Consumer,P012,Stapler,Office Supplies,West,6,14.67,0.2,8
O00209,2023-07-08,C024,Vihaan Joshi,Consumer,P010,Notebook Pack,Office Supplies,West,5,12.09,0.1,6
O00210,2023-07-11,C047,Meera Bhatt,Home Office,P004,Standing Mat,Furniture,West,4,40.68,0.3,25
O00210,2023-07-11,C047,Meera Bhatt,Home Office,P008,Headset,Technology,West,3,83.73,0.2,50
O00210,2023-07-11,C047,Meera Bhatt,Home Office,P002,Desk,Furniture,West,4,296.66,0.2,210
O00211,2024-08-24,C015,Riya Shah,Consumer,P006,Monitor,Technology,West,6,257.84,0.2,180
O00211,2024-08-24,C015,Riya Shah,Consumer,P008,Headset,Technology,West,5,83.35,0.3,50
O00211,2024-08-24,C015,Riya Shah,Consumer,P010,Notebook Pack,Office Supplies,West,3,12.21,0.1,6
O00212,2023-05-01,C031,Neel Mehta,Home Office,P002,Desk,Furniture,South,4,289.24,0.2,210
O00212,2023-05-01,C031,Neel Mehta,Home Office,P003,Bookcase,Furniture,South,5,151.45,0.05,100
O00212,2023-05-01,C031,Neel Mehta,Home Office,P006,Monitor,Technology,South,4,248.08,0.05,180
O00213,2024-10-12,C023,Aarav Desai,Consumer,P008,Headset,Technology,Central,4,77.50,0,50
O00213,2024-10-12,C023,Aarav Desai,Consumer,P005,Laptop,Technology,Central,3,859.83,0.1,720
O00214,2023-01-10,C063,Arjun Parikh,Consumer,P004,Standing Mat,Furniture,South,4,40.02,0.1,25
O00214,2023-01-10,C063,Arjun Parikh,Consumer,P007,Keyboard,Technology,South,4,45.83,0.05,28
O00215,2024-12-28,C063,Arjun Parikh,Consumer,P002,Desk,Furniture,South,2,308.88,0,210
O00215,2024-12-28,C063,Arjun Parikh,Consumer,P010,Notebook Pack,Office Supplies,South,2,11.44,0,6
O00216,2024-07-04,C037,Anaya Patel,Home Office,P013,Marker Set,Office Supplies,Central,4,10.24,0.1,5
O00216,2024-07-04,C037,Anaya Patel,Home Office,P008,Headset,Technology,Central,5,80.09,0.1,50
O00217,2023-04-27,C035,Neel Bhatt,Corporate,P009,Webcam,Technology,Central,2,59.65,0.2,38
O00217,2023-04-27,C035,Neel Bhatt,Corporate,P013,Marker Set,Office Supplies,Central,6,9.60,0.05,5
O00217,2023-04-27,C035,Neel Bhatt,Corporate,P001,Office Chair,Furniture,Central,1,117.57,0,80
O00218,2024-04-05,C034,Arjun Patel,Home Office,P014,Binder,Office Supplies,East,2,8.22,0,4
O00218,2024-04-05,C034,Arjun Patel,Home Office,P002,Desk,Furniture,East,5,309.32,0,210
O00218,2024-04-05,C034,Arjun Patel,Home Office,P008,Headset,Technology,East,6,78.81,0.2,50
O00219,2024-09-16,C055,Rohan Parikh,Consumer,P010,Notebook Pack,Office Supplies,West,1,12.38,0.2,6
O00219,2024-09-16,C055,Rohan Parikh,Consumer,P003,Bookcase,Furniture,West,3,147.76,0.2,100
O00220,2024-09-03,C069,Kabir Modi,Consumer,P006,Monitor,Technology,South,3,244.73,0,180
O00220,2024-09-03,C069,Kabir Modi,Consumer,P012,Stapler,Office Supplies,South,6,15.73,0.1,8
O00221,2023-04-08,C018,Kabir Trivedi,Corporate,P001,Office Chair,Furniture,West,6,117.00,0.2,80
O00221,2023-04-08,C018,Kabir Trivedi,Corporate,P005,Laptop,Technology,West,6,929.56,0.3,720
O00221,2023-04-08,C018,Kabir Trivedi,Corporate,P011,Printer Paper,Office Supplies,West,5,24.97,0.3,15
O00221,2023-04-08,C018,Kabir Trivedi,Corporate,P003,Bookcase,Furniture,West,4,151.92,0.3,100
O00222,2024-04-07,C010,Isha Shah,Consumer,P007,Keyboard,Technology,South,6,46.12,0.1,28
O00223,2024-01-13,C059,Isha Modi,Corporate,P006,Monitor,Technology,South,6,261.80,0.2,180
O00223,2024-01-13,C059,Isha Modi,Corporate,P010,Notebook Pack,Office Supplies,South,1,12.24,0.2,6
O00223,2024-01-13,C059,Isha Modi,Corporate,P001,Office Chair,Furniture,South,4,118.77,0.1,80
O00223,2024-01-13,C059,Isha Modi,Corporate,P002,Desk,Furniture,South,3,299.84,0,210
O00224,2023-10-19,C017,Vihaan Joshi,Corporate,P013,Marker Set,Office Supplies,Central,4,9.60,0,5
O00224,2023-10-19,C017,Vihaan Joshi,Corporate,P006,Monitor,Technology,Central,2,240.61,0,180
O00224,2023-10-19,C017,Vihaan Joshi,Corporate,P011,Printer Paper,Office Supplies,Central,4,24.89,0.05,15
O00224,2023-10-19,C017,Vihaan Joshi,Corporate,P001,Office Chair,Furniture,Central,2,125.95,0,80
O00225,2024-10-28,C036,Diya Joshi,Corporate,P011,Printer Paper,Office Supplies,West,3,24.38,0.3,15
O00226,2024-11-11,C022,Neel Bhatt,Consumer,P007,Keyboard,Technology,Central,6,44.12,0.2,28
O00227,2023-08-28,C055,Rohan Parikh,Consumer,P012,Stapler,Office Supplies,West,4,14.25,0.1,8
O00228,2023-03-21,C017,Vihaan Joshi,Corporate,P009,Webcam,Technology,Central,6,57.06,0.05,38
O00228,2023-03-21,C017,Vihaan Joshi,Corporate,P011,Printer Paper,Office Supplies,Central,4,25.79,0,15
O00229,2024-12-03,C030,Diya Patel,Consumer,P002,Desk,Furniture,West,3,296.03,0.3,210
O00229,2024-12-03,C030,Diya Patel,Consumer,P012,Stapler,Office Supplies,West,2,14.82,0.2,8
O00229,2024-12-03,C030,Diya Patel,Consumer,P014,Binder,Office Supplies,West,5,7.65,0.2,4
O00229,2024-12-03,C030,Diya Patel,Consumer,P013,Marker Set,Office Supplies,West,2,10.11,0.1,5
O00230,2024-03-26,C045,Kabir Parikh,Home Office,P011,Printer Paper,Office Supplies,West,5,26.05,0.2,15
O00230,2024-03-26,C045,Kabir Parikh,Home Office,P012,Stapler,Office Supplies,West,1,15.54,0.3,8
O00231,2023-04-13,C018,Kabir Trivedi,Corporate,P010,Notebook Pack,Office Supplies,West,4,11.82,0.3,6
O00232,2023-11-19,C032,Sara Shah,Corporate,P011,Printer Paper,Office Supplies,South,6,25.25,0.1,15
O00232,2023-11-19,C032,Sara Shah,Corporate,P002,Desk,Furniture,South,6,293.55,0.1,210
O00232,2023-11-19,C032,Sara Shah,Corporate,P004,Standing Mat,Furniture,South,6,41.39,0,25
O00233,2023-11-20,C066,Aarav Bhatt,Consumer,P012,Stapler,Office Supplies,East,2,15.22,0,8
O00233,2023-11-20,C066,Aarav Bhatt,Consumer,P007,Keyboard,Technology,East,2,44.49,0.05,28
O00234,2024-05-26,C077,Diya Thakkar,Consumer,P009,Webcam,Technology,West,3,62.92,0.1,38
O00235,2023-05-16,C050,Meera Desai,Consumer,P006,Monitor,Technology,Central,1,261.36,0.05,180
O00235,2023-05-16,C050,Meera Desai,Consumer,P009,Webcam,Technology,Central,1,60.52,0,38
O00235,2023-05-16,C050,Meera Desai,Consumer,P011,Printer Paper,Office Supplies,Central,1,24.29,0,15
O00235,2023-05-16,C050,Meera Desai,Consumer,P003,Bookcase,Furniture,Central,6,150.10,0.05,100
O00236,2024-12-30,C054,Aarav Trivedi,Consumer,P012,Stapler,Office Supplies,West,2,15.06,0.2,8
O00236,2024-12-30,C054,Aarav Trivedi,Consumer,P007,Keyboard,Technology,West,1,43.13,0.3,28
O00236,2024-12-30,C054,Aarav Trivedi,Consumer,P002,Desk,Furniture,West,2,312.63,0.2,210
O00236,2024-12-30,C054,Aarav Trivedi,Consumer,P011,Printer Paper,Office Supplies,West,5,24.57,0.2,15
O00237,2024-10-11,C009,Isha Joshi,Consumer,P012,Stapler,Office Supplies,West,1,14.34,0.2,8
O00237,2024-10-11,C009,Isha Joshi,Consumer,P007,Keyboard,Technology,West,5,43.27,0.3,28
O00237,2024-10-11,C009,Isha Joshi,Consumer,P014,Binder,Office Supplies,West,6,7.64,0.2,4
O00238,2024-11-04,C016,Rohan Shah,Consumer,P012,Stapler,Office Supplies,East,2,15.30,0,8
O00239,2024-05-23,C045,Kabir Parikh,Home Office,P003,Bookcase,Furniture,West,1,153.49,0.3,100
O00239,2024-05-23,C045,Kabir Parikh,Home Office,P006,Monitor,Technology,West,4,245.88,0.1,180
O00239,2024-05-23,C045,Kabir Parikh,Home Office,P014,Binder,Office Supplies,West,3,8.02,0.3,4
O00240,2024-12-30,C010,Isha Shah,Consumer,P008,Headset,Technology,South,2,82.87,0.05,50
O00240,2024-12-30,C010,Isha Shah,Consumer,P009,Webcam,Technology,South,1,57.94,0,38
O00240,2024-12-30,C010,Isha Shah,Consumer,P006,Monitor,Technology,South,1,254.35,0.1,180
O00240,2024-12-30,C010,Isha Shah,Consumer,P001,Office Chair,Furniture,South,1,122.89,0,80
O00241,2023-02-15,C002,Meera Desai,Consumer,P001,Office Chair,Furniture,East,2,118.60,0,80
O00241,2023-02-15,C002,Meera Desai,Consumer,P008,Headset,Technology,East,1,83.45,0,50
O00242,2024-07-20,C054,Aarav Trivedi,Consumer,P006,Monitor,Technology,West,3,260.40,0.3,180
O00242,2024-07-20,C054,Aarav Trivedi,Consumer,P004,Standing Mat,Furniture,West,5,41.30,0.3,25
O00243,2024-01-17,C016,Rohan Shah,Consumer,P003,Bookcase,Furniture,East,1,154.57,0,100
O00244,2024-02-15,C009,Isha Joshi,Consumer,P014,Binder,Office Supplies,West,1,8.04,0.1,4
O00244,2024-02-15,C009,Isha Joshi,Consumer,P005,Laptop,Technology,West,5,873.06,0.3,720
O00244,2024-02-15,C009,Isha Joshi,Consumer,P013,Marker Set,Office Supplies,West,2,10.24,0.3,5
O00244,2024-02-15,C009,Isha Joshi,Consumer,P006,Monitor,Technology,West,4,246.71,0.3,180
O00245,2023-07-20,C070,Rohan Parikh,Corporate,P003,Bookcase,Furniture,South,5,142.86,0.05,100
O00245,2023-07-20,C070,Rohan Parikh,Corporate,P001,Office Chair,Furniture,South,6,121.63,0,80
O00246,2023-01-10,C043,Aarav Desai,Home Office,P013,Marker Set,Office Supplies,East,6,9.88,0.2,5
O00247,2023-11-17,C031,Neel Mehta,Home Office,P008,Headset,Technology,South,2,76.35,0,50
O00247,2023-11-17,C031,Neel Mehta,Home Office,P001,Office Chair,Furniture,South,3,118.96,0.1,80
O00247,2023-11-17,C031,Neel Mehta,Home Office,P003,Bookcase,Furniture,South,1,157.12,0.05,100
O00247,2023-11-17,C031,Neel Mehta,Home Office,P005,Laptop,Technology,South,2,863.60,0.1,720
O00248,2024-10-14,C010,Isha Shah,Consumer,P007,Keyboard,Technology,South,2,47.09,0.2,28
O00249,2023-10-11,C051,Aarav Thakkar,Home Office,P006,Monitor,Technology,West,2,239.37,0.2,180
O00249,2023-10-11,C051,Aarav Thakkar,Home Office,P008,Headset,Technology,West,5,82.24,0.2,50
O00249,2023-10-11,C051,Aarav Thakkar,Home Office,P005,Laptop,Technology,West,2,868.99,0.1,720
O00250,2024-04-05,C060,Riya Patel,Home Office,P007,Keyboard,Technology,East,2,47.09,0,28
O00250,2024-04-05,C060,Riya Patel,Home Office,P002,Desk,Furniture,East,3,294.25,0.05,210
O00250,2024-04-05,C060,Riya Patel,Home Office,P009,Webcam,Technology,East,6,57.54,0,38
O00251,2023-11-08,C078,Vihaan Shah,Home Office,P004,Standing Mat,Furniture,West,6,38.59,0.3,25
O00252,2023-09-12,C046,Rohan Bhatt,Home Office,P009,Webcam,Technology,South,2,61.92,0,38
O00252,2023-09-12,C046,Rohan Bhatt,Home Office,P001,Office Chair,Furniture,South,4,125.43,0,80
O00252,2023-09-12,C046,Rohan Bhatt,Home Office,P011,Printer Paper,Office Supplies,South,2,25.62,0.1,15
O00252,2023-09-12,C046,Rohan Bhatt,Home Office,P005,Laptop,Technology,South,2,896.58,0,720
O00253,2023-05-05,C002,Meera Desai,Consumer,P014,Binder,Office Supplies,East,4,7.70,0,4
O00254,2024-01-17,C011,Diya Trivedi,Corporate,P014,Binder,Office Supplies,Central,6,7.76,0,4
O00254,2024-01-17,C011,Diya Trivedi,Corporate,P002,Desk,Furniture,Central,1,309.28,0.05,210
O00254,2024-01-17,C011,Diya Trivedi,Corporate,P001,Office Chair,Furniture,Central,4,115.47,0,80
O00255,2023-02-21,C022,Neel Bhatt,Consumer,P014,Binder,Office Supplies,Central,4,7.91,0,4
O00255,2023-02-21,C022,Neel Bhatt,Consumer,P012,Stapler,Office Supplies,Central,2,14.78,0,8
O00255,2023-02-21,C022,Neel Bhatt,Consumer,P007,Keyboard,Technology,Central,2,44.01,0,28
O00255,2023-02-21,C022,Neel Bhatt,Consumer,P008,Headset,Technology,Central,5,80.91,0,50
O00256,2023-09-09,C038,Arjun Mehta,Home Office,P007,Keyboard,Technology,East,2,44.01,0,28
O00256,2023-09-09,C038,Arjun Mehta,Home Office,P009,Webcam,Technology,East,5,58.20,0.05,38
O00256,2023-09-09,C038,Arjun Mehta,Home Office,P008,Headset,Technology,East,5,81.05,0,50
O00256,2023-09-09,C038,Arjun Mehta,Home Office,P001,Office Chair,Furniture,East,6,125.87,0,80
O00257,2024-01-03,C062,Diya Desai,Consumer,P006,Monitor,Technology,West,1,244.26,0.3,180
O00257,2024-01-03,C062,Diya Desai,Consumer,P010,Notebook Pack,Office Supplies,West,1,12.12,0.3,6
O00257,2024-01-03,C062,Diya Desai,Consumer,P009,Webcam,Technology,West,4,57.35,0.3,38
O00257,2024-01-03,C062,Diya Desai,Consumer,P014,Binder,Office Supplies,West,5,7.89,0.2,4
O00258,2023-08-27,C021,Kabir Parikh,Corporate,P004,Standing Mat,Furniture,Central,5,38.96,0.2,25
O00259,2023-02-27,C029,Isha Desai,Consumer,P006,Monitor,Technology,South,6,245.45,0.1,180
O00259,2023-02-27,C029,Isha Desai,Consumer,P003,Bookcase,Furniture,South,5,147.88,0.2,100
O00259,2023-02-27,C029,Isha Desai,Consumer,P013,Marker Set,Office Supplies,South,3,10.20,0,5
O00259,2023-02-27,C029,Isha Desai,Consumer,P004,Standing Mat,Furniture,South,5,40.25,0.1,25
O00260,2023-07-12,C064,Kabir Joshi,Corporate,P003,Bookcase,Furniture,West,5,143.34,0.1,100
O00260,2023-07-12,C064,Kabir Joshi,Corporate,P008,Headset,Technology,West,4,76.16,0.2,50
O00260,2023-07-12,C064,Kabir Joshi,Corporate,P001,Office Chair,Furniture,West,5,117.98,0.1,80
O00261,2023-07-26,C017,Vihaan Joshi,Corporate,P012,Stapler,Office Supplies,Central,5,14.28,0,8
O00261,2023-07-26,C017,Vihaan Joshi,Corporate,P003,Bookcase,Furniture,Central,1,156.26,0.2,100
O00261,2023-07-26,C017,Vihaan Joshi,Corporate,P006,Monitor,Technology,Central,1,259.02,0.1,180
O00262,2024-01-18,C051,Aarav Thakkar,Home Office,P006,Monitor,Technology,West,2,245.57,0.3,180
O00263,2024-03-23,C063,Arjun Parikh,Consumer,P003,Bookcase,Furniture,South,5,155.84,0.2,100
O00263,2024-03-23,C063,Arjun Parikh,Consumer,P012,Stapler,Office Supplies,South,5,14.58,0,8
O00263,2024-03-23,C063,Arjun Parikh,Consumer,P009,Webcam,Technology,South,6,59.27,0,38
O00264,2024-12-06,C001,Neel Shah,Consumer,P014,Binder,Office Supplies,Central,5,8.08,0,4
O00264,2024-12-06,C001,Neel Shah,Consumer,P013,Marker Set,Office Supplies,Central,1,10.14,0,5
O00264,2024-12-06,C001,Neel Shah,Consumer,P010,Notebook Pack,Office Supplies,Central,6,11.57,0.05,6
O00264,2024-12-06,C001,Neel Shah,Consumer,P001,Office Chair,Furniture,Central,3,116.86,0,80
O00265,2023-06-21,C012,Aarav Parikh,Home Office,P008,Headset,Technology,East,1,78.00,0,50
O00265,2023-06-21,C012,Aarav Parikh,Home Office,P001,Office Chair,Furniture,East,1,117.08,0,80
O00265,2023-06-21,C012,Aarav Parikh,Home Office,P005,Laptop,Technology,East,4,855.12,0.2,720
O00266,2024-03-24,C054,Aarav Trivedi,Consumer,P007,Keyboard,Technology,West,4,44.33,0.3,28
O00266,2024-03-24,C054,Aarav Trivedi,Consumer,P008,Headset,Technology,West,5,82.63,0.1,50
O00267,2024-10-28,C029,Isha Desai,Consumer,P008,Headset,Technology,South,3,78.36,0,50
O00267,2024-10-28,C029,Isha Desai,Consumer,P002,Desk,Furniture,South,1,313.55,0,210
O00268,2023-12-13,C021,Kabir Parikh,Corporate,P009,Webcam,Technology,Central,5,59.03,0,38
O00269,2024-05-09,C004,Aarav Patel,Consumer,P011,Printer Paper,Office Supplies,West,3,23.88,0.2,15
O00269,2024-05-09,C004,Aarav Patel,Consumer,P003,Bookcase,Furniture,West,4,157.12,0.2,100
O00269,2024-05-09,C004,Aarav Patel,Consumer,P010,Notebook Pack,Office Supplies,West,6,12.27,0.2,6
O00269,2024-05-09,C004,Aarav Patel,Consumer,P007,Keyboard,Technology,West,3,43.94,0.2,28
O00270,2023-11-02,C051,Aarav Thakkar,Home Office,P003,Bookcase,Furniture,West,6,143.81,0.3,100
O00270,2023-11-02,C051,Aarav Thakkar,Home Office,P001,Office Chair,Furniture,West,1,119.76,0.2,80
O00270,2023-11-02,C051,Aarav Thakkar,Home Office,P006,Monitor,Technology,West,6,242.67,0.1,180
O00270,2023-11-02,C051,Aarav Thakkar,Home Office,P013,Marker Set,Office Supplies,West,4,10.48,0.3,5
O00271,2023-04-29,C040,Kabir Trivedi,Consumer,P008,Headset,Technology,East,4,81.13,0,50
O00271,2023-04-29,C040,Kabir Trivedi,Consumer,P014,Binder,Office Supplies,East,4,7.90,0,4
O00271,2023-04-29,C040,Kabir Trivedi,Consumer,P011,Printer Paper,Office Supplies,East,1,24.22,0,15
O00271,2023-04-29,C040,Kabir Trivedi,Consumer,P005,Laptop,Technology,East,3,894.58,0,720
O00272,2023-08-20,C035,Neel Bhatt,Corporate,P003,Bookcase,Furniture,Central,1,152.51,0.2,100
O00273,2024-11-18,C053,Riya Patel,Consumer,P009,Webcam,Technology,East,4,61.91,0.05,38
O00273,2024-11-18,C053,Riya Patel,Consumer,P001,Office Chair,Furniture,East,4,122.24,0.1,80
O00274,2024-08-09,C031,Neel Mehta,Home Office,P005,Laptop,Technology,South,5,906.41,0.1,720
O00274,2024-08-09,C031,Neel Mehta,Home Office,P002,Desk,Furniture,South,5,305.33,0.1,210
O00274,2024-08-09,C031,Neel Mehta,Home Office,P007,Keyboard,Technology,South,4,43.29,0,28
O00274,2024-08-09,C031,Neel Mehta,Home Office,P001,Office Chair,Furniture,South,2,125.39,0,80
O00275,2023-08-05,C025,Sara Trivedi,Consumer,P001,Office Chair,Furniture,South,4,125.86,0,80
O00275,2023-08-05,C025,Sara Trivedi,Consumer,P007,Keyboard,Technology,South,6,47.24,0,28
O00276,2023-06-01,C077,Diya Thakkar,Consumer,P006,Monitor,Technology,West,4,247.20,0.1,180
O00276,2023-06-01,C077,Diya Thakkar,Consumer,P012,Stapler,Office Supplies,West,3,14.74,0.2,8
O00276,2023-06-01,C077,Diya Thakkar,Consumer,P002,Desk,Furniture,West,1,298.74,0.2,210
O00277,2024-12-18,C067,Meera Mehta,Corporate,P002,Desk,Furniture,South,1,302.64,0.1,210
O00277,2024-12-18,C067,Meera Mehta,Corporate,P007,Keyboard,Technology,South,1,45.28,0,28
O00277,2024-12-18,C067,Meera Mehta,Corporate,P003,Bookcase,Furniture,South,3,155.51,0,100
O00277,2024-12-18,C067,Meera Mehta,Corporate,P012,Stapler,Office Supplies,South,6,14.65,0.05,8
O00278,2024-05-12,C074,Riya Trivedi,Consumer,P001,Office Chair,Furniture,East,6,121.42,0,80
O00278,2024-05-12,C074,Riya Trivedi,Consumer,P003,Bookcase,Furniture,East,4,148.53,0.2,100
O00278,2024-05-12,C074,Riya Trivedi,Consumer,P005,Laptop,Technology,East,1,917.15,0,720
O00278,2024-05-12,C074,Riya Trivedi,Consumer,P007,Keyboard,Technology,East,3,44.89,0.2,28
O00279,2024-01-17,C003,Neel Bhatt,Consumer,P014,Binder,Office Supplies,South,4,7.82,0,4
O00279,2024-01-17,C003,Neel Bhatt,Consumer,P013,Marker Set,Office Supplies,South,2,10.18,0.2,5
O00279,2024-01-17,C003,Neel Bhatt,Consumer,P005,Laptop,Technology,South,6,882.04,0,720
O00280,2024-03-29,C042,Diya Trivedi,Corporate,P012,Stapler,Office Supplies,West,2,14.53,0.1,8
O00280,2024-03-29,C042,Diya Trivedi,Corporate,P007,Keyboard,Technology,West,5,46.08,0.3,28
O00280,2024-03-29,C042,Diya Trivedi,Corporate,P010,Notebook Pack,Office Supplies,West,5,12.39,0.3,6
O00281,2023-06-12,C009,Isha Joshi,Consumer,P012,Stapler,Office Supplies,West,5,15.42,0.2,8
O00281,2023-06-12,C009,Isha Joshi,Consumer,P009,Webcam,Technology,West,2,57.17,0.2,38
O00281,2023-06-12,C009,Isha Joshi,Consumer,P007,Keyboard,Technology,West,2,46.52,0.2,28
O00282,2023-02-03,C059,Isha Modi,Corporate,P006,Monitor,Technology,South,3,242.48,0.2,180
O00283,2024-04-20,C065,Diya Parikh,Home Office,P011,Printer Paper,Office Supplies,East,5,24.68,0,15
O00283,2024-04-20,C065,Diya Parikh,Home Office,P002,Desk,Furniture,East,4,290.33,0.05,210
O00283,2024-04-20,C065,Diya Parikh,Home Office,P014,Binder,Office Supplies,East,3,8.04,0.1,4
O00283,2024-04-20,C065,Diya Parikh,Home Office,P001,Office Chair,Furniture,East,3,124.05,0,80
O00284,2024-12-01,C050,Meera Desai,Consumer,P003,Bookcase,Furniture,Central,2,154.20,0.1,100
O00285,2023-08-15,C029,Isha Desai,Consumer,P005,Laptop,Technology,South,6,901.20,0.05,720
O00285,2023-08-15,C029,Isha Desai,Consumer,P011,Printer Paper,Office Supplies,South,2,24.94,0,15
O00286,2024-10-26,C002,Meera Desai,Consumer,P005,Laptop,Technology,East,6,919.15,0,720
O00286,2024-10-26,C002,Meera Desai,Consumer,P010,Notebook Pack,Office Supplies,East,4,11.73,0.2,6
O00287,2023-12-07,C060,Riya Patel,Home Office,P011,Printer Paper,Office Supplies,East,1,25.21,0.05,15
O00287,2023-12-07,C060,Riya Patel,Home Office,P009,Webcam,Technology,East,3,63.00,0.1,38
O00287,2023-12-07,C060,Riya Patel,Home Office,P010,Notebook Pack,Office Supplies,East,5,12.18,0.1,6
O00288,2023-10-04,C062,Diya Desai,Consumer,P006,Monitor,Technology,West,3,253.51,0.3,180
O00289,2023-09-25,C039,Neel Joshi,Home Office,P003,Bookcase,Furniture,West,5,156.00,0.2,100
O00289,2023-09-25,C039,Neel Joshi,Home Office,P009,Webcam,Technology,West,6,60.96,0.3,38
O00290,2023-05-24,C004,Aarav Patel,Consumer,P005,Laptop,Technology,West,5,921.31,0.3,720
O00290,2023-05-24,C004,Aarav Patel,Consumer,P014,Binder,Office Supplies,West,3,8.25,0.2,4
O00290,2023-05-24,C004,Aarav Patel,Consumer,P007,Keyboard,Technology,West,6,45.84,0.2,28
O00290,2023-05-24,C004,Aarav Patel,Consumer,P012,Stapler,Office Supplies,West,6,15.61,0.3,8
O00291,2024-01-03,C065,Diya Parikh,Home Office,P014,Binder,Office Supplies,East,1,7.74,0.1,4
O00291,2024-01-03,C065,Diya Parikh,Home Office,P003,Bookcase,Furniture,East,3,144.42,0.05,100
O00291,2024-01-03,C065,Diya Parikh,Home Office,P011,Printer Paper,Office Supplies,East,2,25.77,0.2,15
O00292,2024-11-27,C012,Aarav Parikh,Home Office,P006,Monitor,Technology,East,4,259.29,0.2,180
O00292,2024-11-27,C012,Aarav Parikh,Home Office,P004,Standing Mat,Furniture,East,5,39.49,0,25
O00293,2023-10-04,C061,Aarav Modi,Home Office,P014,Binder,Office Supplies,Central,5,8.07,0.2,4
O00294,2023-03-14,C061,Aarav Modi,Home Office,P009,Webcam,Technology,Central,3,59.29,0.2,38
O00294,2023-03-14,C061,Aarav Modi,Home Office,P002,Desk,Furniture,Central,2,286.62,0.05,210
O00295,2023-05-21,C026,Vihaan Parikh,Consumer,P007,Keyboard,Technology,Central,6,44.17,0,28
O00295,2023-05-21,C026,Vihaan Parikh,Consumer,P010,Notebook Pack,Office Supplies,Central,4,12.33,0,6
O00295,2023-05-21,C026,Vihaan Parikh,Consumer,P008,Headset,Technology,Central,2,81.05,0,50
O00296,2023-11-17,C001,Neel Shah,Consumer,P005,Laptop,Technology,Central,1,899.06,0,720
O00296,2023-11-17,C001,Neel Shah,Consumer,P004,Standing Mat,Furniture,Central,6,40.46,0,25
O00296,2023-11-17,C001,Neel Shah,Consumer,P003,Bookcase,Furniture,Central,4,148.55,0.05,100
O00296,2023-11-17,C001,Neel Shah,Consumer,P010,Notebook Pack,Office Supplies,Central,5,11.41,0.05,6
O00297,2023-07-24,C048,Riya Joshi,Corporate,P006,Monitor,Technology,Central,6,242.26,0.1,180
O00298,2023-01-05,C032,Sara Shah,Corporate,P012,Stapler,Office Supplies,South,4,14.44,0,8
O00298,2023-01-05,C032,Sara Shah,Corporate,P006,Monitor,Technology,South,2,252.22,0.1,180
O00299,2023-03-08,C006,Arjun Desai,Home Office,P005,Laptop,Technology,South,3,908.67,0.1,720
O00299,2023-03-08,C006,Arjun Desai,Home Office,P008,Headset,Technology,South,2,83.10,0.05,50
O00299,2023-03-08,C006,Arjun Desai,Home Office,P012,Stapler,Office Supplies,South,4,15.74,0,8
O00300,2024-01-03,C025,Sara Trivedi,Consumer,P013,Marker Set,Office Supplies,South,6,9.73,0,5
O00300,2024-01-03,C025,Sara Trivedi,Consumer,P007,Keyboard,Technology,South,1,43.70,0,28
O00301,2024-08-26,C065,Diya Parikh,Home Office,P002,Desk,Furniture,East,1,304.52,0.2,210
O00301,2024-08-26,C065,Diya Parikh,Home Office,P006,Monitor,Technology,East,3,259.41,0.05,180
O00302,2024-07-01,C080,Vihaan Thakkar,Home Office,P010,Notebook Pack,Office Supplies,Central,6,12.19,0,6
O00303,2023-01-21,C007,Meera Parikh,Home Office,P007,Keyboard,Technology,Central,5,44.46,0.05,28
O00304,2023-09-16,C061,Aarav Modi,Home Office,P004,Standing Mat,Furniture,Central,3,40.52,0.2,25
O00304,2023-09-16,C061,Aarav Modi,Home Office,P012,Stapler,Office Supplies,Central,6,15.24,0.05,8
O00305,2024-06-16,C035,Neel Bhatt,Corporate,P007,Keyboard,Technology,Central,1,45.98,0.1,28
O00305,2024-06-16,C035,Neel Bhatt,Corporate,P002,Desk,Furniture,Central,1,288.42,0,210
O00306,2024-05-24,C026,Vihaan Parikh,Consumer,P013,Marker Set,Office Supplies,Central,3,10.47,0.1,5
O00306,2024-05-24,C026,Vihaan Parikh,Consumer,P005,Laptop,Technology,Central,2,891.88,0.2,720
O00307,2023-02-10,C071,Riya Bhatt,Home Office,P004,Standing Mat,Furniture,South,6,38.01,0,25
O00307,2023-02-10,C071,Riya Bhatt,Home Office,P012,Stapler,Office Supplies,South,5,15.61,0,8
O00307,2023-02-10,C071,Riya Bhatt,Home Office,P008,Headset,Technology,South,1,79.95,0.2,50
O00307,2023-02-10,C071,Riya Bhatt,Home Office,P006,Monitor,Technology,South,6,239.38,0.1,180
O00308,2023-04-14,C033,Sara Parikh,Home Office,P008,Headset,Technology,Central,1,79.71,0,50
O00308,2023-04-14,C033,Sara Parikh,Home Office,P005,Laptop,Technology,Central,3,933.67,0,720
O00309,2024-01-04,C041,Sara Trivedi,Corporate,P012,Stapler,Office Supplies,East,6,15.53,0,8
O00309,2024-01-04,C041,Sara Trivedi,Corporate,P002,Desk,Furniture,East,3,290.12,0.2,210
O00309,2024-01-04,C041,Sara Trivedi,Corporate,P013,Marker Set,Office Supplies,East,3,10.46,0.05,5
O00309,2024-01-04,C041,Sara Trivedi,Corporate,P001,Office Chair,Furniture,East,3,115.12,0.2,80
O00310,2023-07-07,C015,Riya Shah,Consumer,P007,Keyboard,Technology,West,6,46.35,0.3,28
O00310,2023-07-07,C015,Riya Shah,Consumer,P008,Headset,Technology,West,6,76.90,0.2,50
O00310,2023-07-07,C015,Riya Shah,Consumer,P005,Laptop,Technology,West,2,943.34,0.1,720
O00310,2023-07-07,C015,Riya Shah,Consumer,P014,Binder,Office Supplies,West,5,7.93,0.1,4
O00311,2024-05-09,C073,Aarav Thakkar,Home Office,P003,Bookcase,Furniture,East,6,142.93,0.1,100
O00311,2024-05-09,C073,Aarav Thakkar,Home Office,P010,Notebook Pack,Office Supplies,East,2,12.57,0.2,6
O00311,2024-05-09,C073,Aarav Thakkar,Home Office,P007,Keyboard,Technology,East,1,46.89,0.05,28
O00311,2024-05-09,C073,Aarav Thakkar,Home Office,P006,Monitor,Technology,East,1,248.52,0.05,180
O00312,2023-09-25,C041,Sara Trivedi,Corporate,P012,Stapler,Office Supplies,East,6,15.04,0.2,8
O00313,2024-08-13,C073,Aarav Thakkar,Home Office,P011,Printer Paper,Office Supplies,East,6,25.06,0.1,15
O00313,2024-08-13,C073,Aarav Thakkar,Home Office,P006,Monitor,Technology,East,6,239.88,0.1,180
O00314,2023-09-12,C062,Diya Desai,Consumer,P011,Printer Paper,Office Supplies,West,5,24.12,0.3,15
O00314,2023-09-12,C062,Diya Desai,Consumer,P014,Binder,Office Supplies,West,6,7.64,0.2,4
O00314,2023-09-12,C062,Diya Desai,Consumer,P013,Marker Set,Office Supplies,West,4,10.01,0.2,5
O00315,2024-05-22,C022,Neel Bhatt,Consumer,P013,Marker Set,Office Supplies,Central,3,9.82,0.05,5
O00316,2023-10-08,C071,Riya Bhatt,Home Office,P007,Keyboard,Technology,South,4,46.36,0.05,28
O00316,2023-10-08,C071,Riya Bhatt,Home Office,P004,Standing Mat,Furniture,South,4,41.43,0,25
O00316,2023-10-08,C071,Riya Bhatt,Home Office,P002,Desk,Furniture,South,4,288.56,0,210
O00316,2023-10-08,C071,Riya Bhatt,Home Office,P008,Headset,Technology,South,1,81.23,0.2,50
O00317,2024-02-18,C053,Riya Patel,Consumer,P009,Webcam,Technology,East,1,57.00,0.1,38
O00318,2024-09-10,C080,Vihaan Thakkar,Home Office,P009,Webcam,Technology,Central,3,61.03,0.2,38
O00318,2024-09-10,C080,Vihaan Thakkar,Home Office,P014,Binder,Office Supplies,Central,2,8.26,0,4
O00318,2024-09-10,C080,Vihaan Thakkar,Home Office,P004,Standing Mat,Furniture,Central,5,39.33,0.05,25
O00319,2024-09-06,C061,Aarav Modi,Home Office,P012,Stapler,Office Supplies,Central,2,15.39,0,8
O00319,2024-09-06,C061,Aarav Modi,Home Office,P008,Headset,Technology,Central,6,78.73,0,50
O00319,2024-09-06,C061,Aarav Modi,Home Office,P002,Desk,Furniture,Central,3,301.43,0,210
O00320,2024-12-06,C064,Kabir Joshi,Corporate,P014,Binder,Office Supplies,West,5,7.69,0.3,4
O00320,2024-12-06,C064,Kabir Joshi,Corporate,P012,Stapler,Office Supplies,West,4,14.53,0.2,8
O00321,2023-08-09,C059,Isha Modi,Corporate,P012,Stapler,Office Supplies,South,1,15.39,0,8
O00321,2023-08-09,C059,Isha Modi,Corporate,P006,Monitor,Technology,South,5,258.44,0.2,180
O00322,2023-05-07,C058,Diya Shah,Home Office,P011,Printer Paper,Office Supplies,South,6,23.76,0.05,15
O00322,2023-05-07,C058,Diya Shah,Home Office,P010,Notebook Pack,Office Supplies,South,4,12.06,0,6
O00322,2023-05-07,C058,Diya Shah,Home Office,P009,Webcam,Technology,South,5,59.90,0.1,38
O00322,2023-05-07,C058,Diya Shah,Home Office,P003,Bookcase,Furniture,South,2,152.88,0,100
O00323,2023-05-12,C014,Neel Thakkar,Corporate,P011,Printer Paper,Office Supplies,West,4,25.95,0.2,15
O00323,2023-05-12,C014,Neel Thakkar,Corporate,P010,Notebook Pack,Office Supplies,West,2,12.50,0.2,6
O00323,2023-05-12,C014,Neel Thakkar,Corporate,P013,Marker Set,Office Supplies,West,3,9.90,0.3,5
O00323,2023-05-12,C014,Neel Thakkar,Corporate,P006,Monitor,Technology,West,2,248.82,0.3,180
O00324,2023-05-22,C053,Riya Patel,Consumer,P014,Binder,Office Supplies,East,5,8.17,0,4
O00324,2023-05-22,C053,Riya Patel,Consumer,P012,Stapler,Office Supplies,East,2,14.58,0.2,8
O00324,2023-05-22,C053,Riya Patel,Consumer,P009,Webcam,Technology,East,6,61.29,0.1,38
O00325,2023-12-20,C017,Vihaan Joshi,Corporate,P009,Webcam,Technology,Central,6,60.82,0.2,38
O00325,2023-12-20,C017,Vihaan Joshi,Corporate,P014,Binder,Office Supplies,Central,5,8.21,0,4
O00326,2024-05-06,C075,Sara Parikh,Home Office,P011,Printer Paper,Office Supplies,West,5,25.77,0.3,15
O00326,2024-05-06,C075,Sara Parikh,Home Office,P012,Stapler,Office Supplies,West,2,14.29,0.1,8
O00326,2024-05-06,C075,Sara Parikh,Home Office,P009,Webcam,Technology,West,2,61.02,0.1,38
O00326,2024-05-06,C075,Sara Parikh,Home Office,P005,Laptop,Technology,West,2,922.52,0.3,720
O00327,2023-10-21,C019,Neel Joshi,Home Office,P012,Stapler,Office Supplies,East,5,14.56,0,8
O00328,2023-02-03,C046,Rohan Bhatt,Home Office,P002,Desk,Furniture,South,5,307.27,0,210
O00328,2023-02-03,C046,Rohan Bhatt,Home Office,P010,Notebook Pack,Office Supplies,South,6,11.69,0.05,6
O00328,2023-02-03,C046,Rohan Bhatt,Home Office,P011,Printer Paper,Office Supplies,South,1,25.48,0,15
O00328,2023-02-03,C046,Rohan Bhatt,Home Office,P009,Webcam,Technology,South,6,59.33,0.05,38
O00329,2023-11-17,C007,Meera Parikh,Home Office,P012,Stapler,Office Supplies,Central,4,14.55,0,8
O00330,2023-08-19,C048,Riya Joshi,Corporate,P013,Marker Set,Office Supplies,Central,2,9.79,0,5
O00330,2023-08-19,C048,Riya Joshi,Corporate,P012,Stapler,Office Supplies,Central,2,14.36,0.2,8
O00331,2024-06-10,C016,Rohan Shah,Consumer,P001,Office Chair,Furniture,East,5,115.56,0,80
O00331,2024-06-10,C016,Rohan Shah,Consumer,P007,Keyboard,Technology,East,4,42.78,0,28
O00331,2024-06-10,C016,Rohan Shah,Consumer,P005,Laptop,Technology,East,1,939.37,0.2,720
O00331,2024-06-10,C016,Rohan Shah,Consumer,P009,Webcam,Technology,East,5,62.57,0,38
O00332,2023-02-22,C079,Sara Thakkar,Consumer,P008,Headset,Technology,East,6,78.86,0.1,50
O00332,2023-02-22,C079,Sara Thakkar,Consumer,P013,Marker Set,Office Supplies,East,2,10.03,0,5
O00332,2023-02-22,C079,Sara Thakkar,Consumer,P010,Notebook Pack,Office Supplies,East,5,11.48,0.1,6
O00333,2023-06-13,C054,Aarav Trivedi,Consumer,P002,Desk,Furniture,West,3,294.93,0.3,210
O00333,2023-06-13,C054,Aarav Trivedi,Consumer,P006,Monitor,Technology,West,5,261.26,0.2,180
O00333,2023-06-13,C054,Aarav Trivedi,Consumer,P004,Standing Mat,Furniture,West,5,39.90,0.2,25
O00333,2023-06-13,C054,Aarav Trivedi,Consumer,P012,Stapler,Office Supplies,West,3,14.42,0.1,8
O00334,2024-04-01,C031,Neel Mehta,Home Office,P001,Office Chair,Furniture,South,1,118.58,0,80
O00334,2024-04-01,C031,Neel Mehta,Home Office,P011,Printer Paper,Office Supplies,South,6,24.39,0.05,15
O00335,2023-10-17,C048,Riya Joshi,Corporate,P008,Headset,Technology,Central,1,78.56,0,50
O00335,2023-10-17,C048,Riya Joshi,Corporate,P001,Office Chair,Furniture,Central,5,116.01,0,80
O00335,2023-10-17,C048,Riya Joshi,Corporate,P005,Laptop,Technology,Central,1,855.66,0.1,720
O00335,2023-10-17,C048,Riya Joshi,Corporate,P011,Printer Paper,Office Supplies,Central,2,25.43,0,15
O00336,2024-12-04,C027,Kabir Desai,Home Office,P011,Printer Paper,Office Supplies,Central,6,23.81,0,15
O00336,2024-12-04,C027,Kabir Desai,Home Office,P002,Desk,Furniture,Central,1,286.14,0,210
O00336,2024-12-04,C027,Kabir Desai,Home Office,P012,Stapler,Office Supplies,Central,3,14.52,0,8
O00336,2024-12-04,C027,Kabir Desai,Home Office,P014,Binder,Office Supplies,Central,2,7.66,0.1,4
O00337,2023-09-22,C053,Riya Patel,Consumer,P008,Headset,Technology,East,6,76.14,0,50
O00337,2023-09-22,C053,Riya Patel,Consumer,P011,Printer Paper,Office Supplies,East,6,25.09,0,15
O00337,2023-09-22,C053,Riya Patel,Consumer,P007,Keyboard,Technology,East,6,45.53,0.2,28
O00337,2023-09-22,C053,Riya Patel,Consumer,P012,Stapler,Office Supplies,East,1,14.32,0.1,8
O00338,2024-01-02,C065,Diya Parikh,Home Office,P005,Laptop,Technology,East,1,882.12,0.2,720
O00339,2023-10-16,C057,Meera Parikh,Corporate,P007,Keyboard,Technology,West,2,45.15,0.2,28
O00339,2023-10-16,C057,Meera Parikh,Corporate,P011,Printer Paper,Office Supplies,West,5,25.74,0.3,15
O00339,2023-10-16,C057,Meera Parikh,Corporate,P001,Office Chair,Furniture,West,2,125.52,0.3,80
O00339,2023-10-16,C057,Meera Parikh,Corporate,P008,Headset,Technology,West,6,81.42,0.3,50
O00340,2024-10-01,C071,Riya Bhatt,Home Office,P002,Desk,Furniture,South,4,302.18,0,210
O00340,2024-10-01,C071,Riya Bhatt,Home Office,P001,Office Chair,Furniture,South,1,120.57,0.1,80
O00341,2023-11-24,C045,Kabir Parikh,Home Office,P007,Keyboard,Technology,West,2,43.39,0.2,28
O00341,2023-11-24,C045,Kabir Parikh,Home Office,P011,Printer Paper,Office Supplies,West,3,25.29,0.2,15
O00342,2023-07-18,C015,Riya Shah,Consumer,P011,Printer Paper,Office Supplies,West,5,25.88,0.2,15
O00342,2023-07-18,C015,Riya Shah,Consumer,P013,Marker Set,Office Supplies,West,1,10.14,0.3,5
O00343,2023-10-25,C033,Sara Parikh,Home Office,P004,Standing Mat,Furniture,Central,3,40.32,0.2,25
O00344,2024-01-01,C017,Vihaan Joshi,Corporate,P002,Desk,Furniture,Central,2,287.09,0.1,210
O00344,2024-01-01,C017,Vihaan Joshi,Corporate,P005,Laptop,Technology,Central,3,898.73,0,720
O00345,2024-09-23,C040,Kabir Trivedi,Consumer,P010,Notebook Pack,Office Supplies,East,4,12.37,0,6
O00345,2024-09-23,C040,Kabir Trivedi,Consumer,P014,Binder,Office Supplies,East,2,7.60,0,4
O00346,2023-08-15,C056,Riya Thakkar,Home Office,P014,Binder,Office Supplies,South,4,8.19,0.2,4
O00346,2023-08-15,C056,Riya Thakkar,Home Office,P006,Monitor,Technology,South,3,248.63,0.05,180
O00346,2023-08-15,C056,Riya Thakkar,Home Office,P003,Bookcase,Furniture,South,2,150.78,0.05,100
O00347,2024-10-23,C036,Diya Joshi,Corporate,P009,Webcam,Technology,West,6,61.40,0.3,38
O00347,2024-10-23,C036,Diya Joshi,Corporate,P004,Standing Mat,Furniture,West,1,40.91,0.1,25
O00348,2024-06-03,C004,Aarav Patel,Consumer,P013,Marker Set,Office Supplies,West,5,9.76,0.2,5
O00348,2024-06-03,C004,Aarav Patel,Consumer,P010,Notebook Pack,Office Supplies,West,2,12.18,0.3,6
O00348,2024-06-03,C004,Aarav Patel,Consumer,P004,Standing Mat,Furniture,West,5,39.57,0.3,25
O00348,2024-06-03,C004,Aarav Patel,Consumer,P001,Office Chair,Furniture,West,5,115.61,0.3,80
O00349,2024-06-06,C012,Aarav Parikh,Home Office,P006,Monitor,Technology,East,5,258.70,0,180
O00349,2024-06-06,C012,Aarav Parikh,Home Office,P009,Webcam,Technology,East,5,58.00,0.2,38
O00349,2024-06-06,C012,Aarav Parikh,Home Office,P001,Office Chair,Furniture,East,2,119.35,0,80
O00349,2024-06-06,C012,Aarav Parikh,Home Office,P011,Printer Paper,Office Supplies,East,6,26.12,0.1,15
O00350,2023-05-30,C062,Diya Desai,Consumer,P001,Office Chair,Furniture,West,3,114.75,0.2,80
O00350,2023-05-30,C062,Diya Desai,Consumer,P004,Standing Mat,Furniture,West,2,38.17,0.2,25
O00350,2023-05-30,C062,Diya Desai,Consumer,P008,Headset,Technology,West,3,83.26,0.2,50
O00351,2024-02-02,C061,Aarav Modi,Home Office,P001,Office Chair,Furniture,Central,5,122.44,0,80
O00351,2024-02-02,C061,Aarav Modi,Home Office,P014,Binder,Office Supplies,Central,6,8.26,0.2,4
O00351,2024-02-02,C061,Aarav Modi,Home Office,P011,Printer Paper,Office Supplies,Central,5,25.20,0,15
O00351,2024-02-02,C061,Aarav Modi,Home Office,P006,Monitor,Technology,Central,4,246.92,0,180
O00352,2024-01-10,C076,Aarav Bhatt,Consumer,P009,Webcam,Technology,West,2,59.26,0.3,38
O00353,2024-06-12,C052,Sara Desai,Consumer,P014,Binder,Office Supplies,East,1,8.31,0.05,4
O00353,2024-06-12,C052,Sara Desai,Consumer,P006,Monitor,Technology,East,4,259.55,0.1,180
O00353,2024-06-12,C052,Sara Desai,Consumer,P008,Headset,Technology,East,5,77.84,0,50
O00354,2024-10-05,C024,Vihaan Joshi,Consumer,P006,Monitor,Technology,West,4,254.03,0.1,180
O00354,2024-10-05,C024,Vihaan Joshi,Consumer,P010,Notebook Pack,Office Supplies,West,4,12.26,0.3,6
O00355,2024-11-07,C076,Aarav Bhatt,Consumer,P011,Printer Paper,Office Supplies,West,2,24.36,0.1,15
O00355,2024-11-07,C076,Aarav Bhatt,Consumer,P007,Keyboard,Technology,West,2,45.42,0.2,28
O00356,2024-10-06,C074,Riya Trivedi,Consumer,P001,Office Chair,Furniture,East,5,125.07,0,80
O00356,2024-10-06,C074,Riya Trivedi,Consumer,P003,Bookcase,Furniture,East,5,151.49,0.05,100
O00357,2024-10-24,C037,Anaya Patel,Home Office,P004,Standing Mat,Furniture,Central,4,40.43,0.05,25
O00358,2024-05-08,C022,Neel Bhatt,Consumer,P014,Binder,Office Supplies,Central,5,7.71,0.1,4
O00358,2024-05-08,C022,Neel Bhatt,Consumer,P007,Keyboard,Technology,Central,5,45.55,0,28
O00359,2023-09-28,C022,Neel Bhatt,Consumer,P008,Headset,Technology,Central,4,77.84,0,50
O00359,2023-09-28,C022,Neel Bhatt,Consumer,P010,Notebook Pack,Office Supplies,Central,2,11.53,0,6
O00359,2023-09-28,C022,Neel Bhatt,Consumer,P013,Marker Set,Office Supplies,Central,5,10.36,0.1,5
O00360,2024-12-05,C078,Vihaan Shah,Home Office,P003,Bookcase,Furniture,West,5,156.02,0.3,100
O00361,2023-02-09,C069,Kabir Modi,Consumer,P002,Desk,Furniture,South,5,304.78,0.05,210
O00362,2024-07-06,C001,Neel Shah,Consumer,P009,Webcam,Technology,Central,2,60.18,0.2,38
O00362,2024-07-06,C001,Neel Shah,Consumer,P007,Keyboard,Technology,Central,4,46.30,0.05,28
O00362,2024-07-06,C001,Neel Shah,Consumer,P006,Monitor,Technology,Central,6,252.23,0,180
O00362,2024-07-06,C001,Neel Shah,Consumer,P001,Office Chair,Furniture,Central,4,120.91,0.2,80
O00363,2023-05-18,C033,Sara Parikh,Home Office,P013,Marker Set,Office Supplies,Central,4,10.38,0.1,5
O00363,2023-05-18,C033,Sara Parikh,Home Office,P004,Standing Mat,Furniture,Central,6,38.76,0,25
O00363,2023-05-18,C033,Sara Parikh,Home Office,P002,Desk,Furniture,Central,5,308.68,0.2,210
O00363,2023-05-18,C033,Sara Parikh,Home Office,P005,Laptop,Technology,Central,1,865.60,0.1,720
O00364,2024-01-20,C027,Kabir Desai,Home Office,P007,Keyboard,Technology,Central,5,44.67,0,28
O00364,2024-01-20,C027,Kabir Desai,Home Office,P006,Monitor,Technology,Central,5,244.03,0,180
O00364,2024-01-20,C027,Kabir Desai,Home Office,P002,Desk,Furniture,Central,5,301.94,0.05,210
O00365,2023-10-10,C051,Aarav Thakkar,Home Office,P007,Keyboard,Technology,West,3,44.92,0.2,28
O00365,2023-10-10,C051,Aarav Thakkar,Home Office,P009,Webcam,Technology,West,3,60.33,0.2,38
O00366,2023-11-11,C051,Aarav Thakkar,Home Office,P014,Binder,Office Supplies,West,4,8.20,0.1,4
O00366,2023-11-11,C051,Aarav Thakkar,Home Office,P011,Printer Paper,Office Supplies,West,5,24.00,0.2,15
O00367,2024-02-15,C044,Diya Parikh,Consumer,P003,Bookcase,Furniture,West,1,156.97,0.3,100
O00368,2023-04-04,C019,Neel Joshi,Home Office,P010,Notebook Pack,Office Supplies,East,1,11.67,0,6
O00368,2023-04-04,C019,Neel Joshi,Home Office,P007,Keyboard,Technology,East,4,42.92,0.1,28
O00368,2023-04-04,C019,Neel Joshi,Home Office,P002,Desk,Furniture,East,5,303.42,0.05,210
O00368,2023-04-04,C019,Neel Joshi,Home Office,P012,Stapler,Office Supplies,East,5,15.32,0,8
O00369,2023-02-28,C023,Aarav Desai,Consumer,P008,Headset,Technology,Central,1,78.29,0.1,50
O00369,2023-02-28,C023,Aarav Desai,Consumer,P001,Office Chair,Furniture,Central,6,120.13,0.1,80
O00369,2023-02-28,C023,Aarav Desai,Consumer,P004,Standing Mat,Furniture,Central,6,40.46,0,25
O00369,2023-02-28,C023,Aarav Desai,Consumer,P011,Printer Paper,Office Supplies,Central,6,24.65,0,15
O00370,2023-01-01,C021,Kabir Parikh,Corporate,P005,Laptop,Technology,Central,4,886.78,0.05,720
O00371,2024-02-20,C076,Aarav Bhatt,Consumer,P009,Webcam,Technology,West,5,62.52,0.1,38
O00371,2024-02-20,C076,Aarav Bhatt,Consumer,P001,Office Chair,Furniture,West,5,122.71,0.3,80
O00372,2024-08-19,C045,Kabir Parikh,Home Office,P014,Binder,Office Supplies,West,4,8.37,0.2,4
O00372,2024-08-19,C045,Kabir Parikh,Home Office,P005,Laptop,Technology,West,3,906.74,0.3,720
O00372,2024-08-19,C045,Kabir Parikh,Home Office,P004,Standing Mat,Furniture,West,1,39.63,0.2,25
O00373,2024-07-26,C010,Isha Shah,Consumer,P006,Monitor,Technology,South,5,259.40,0,180
O00373,2024-07-26,C010,Isha Shah,Consumer,P002,Desk,Furniture,South,4,305.83,0,210
O00373,2024-07-26,C010,Isha Shah,Consumer,P009,Webcam,Technology,South,2,59.90,0.1,38
O00374,2023-12-14,C059,Isha Modi,Corporate,P010,Notebook Pack,Office Supplies,South,6,11.48,0,6
O00374,2023-12-14,C059,Isha Modi,Corporate,P001,Office Chair,Furniture,South,2,122.12,0,80
O00374,2023-12-14,C059,Isha Modi,Corporate,P008,Headset,Technology,South,3,79.30,0,50
O00374,2023-12-14,C059,Isha Modi,Corporate,P002,Desk,Furniture,South,6,301.07,0.1,210
O00375,2023-09-27,C032,Sara Shah,Corporate,P002,Desk,Furniture,South,1,309.63,0.2,210
O00375,2023-09-27,C032,Sara Shah,Corporate,P007,Keyboard,Technology,South,4,46.94,0.1,28
O00375,2023-09-27,C032,Sara Shah,Corporate,P011,Printer Paper,Office Supplies,South,5,24.63,0,15
O00376,2023-10-24,C025,Sara Trivedi,Consumer,P012,Stapler,Office Supplies,South,2,14.56,0,8
O00376,2023-10-24,C025,Sara Trivedi,Consumer,P004,Standing Mat,Furniture,South,3,41.35,0,25
O00376,2023-10-24,C025,Sara Trivedi,Consumer,P013,Marker Set,Office Supplies,South,1,10.28,0,5
O00376,2023-10-24,C025,Sara Trivedi,Consumer,P014,Binder,Office Supplies,South,6,8.14,0,4
O00377,2024-05-19,C079,Sara Thakkar,Consumer,P013,Marker Set,Office Supplies,East,4,10.46,0.1,5
O00378,2024-01-16,C080,Vihaan Thakkar,Home Office,P008,Headset,Technology,Central,5,77.46,0.05,50
O00378,2024-01-16,C080,Vihaan Thakkar,Home Office,P010,Notebook Pack,Office Supplies,Central,5,11.88,0,6
O00378,2024-01-16,C080,Vihaan Thakkar,Home Office,P005,Laptop,Technology,Central,4,859.87,0,720
O00379,2024-05-04,C070,Rohan Parikh,Corporate,P009,Webcam,Technology,South,6,59.36,0,38
O00380,2023-06-28,C059,Isha Modi,Corporate,P012,Stapler,Office Supplies,South,6,14.94,0.1,8
O00381,2023-01-09,C002,Meera Desai,Consumer,P007,Keyboard,Technology,East,5,44.21,0,28
O00381,2023-01-09,C002,Meera Desai,Consumer,P010,Notebook Pack,Office Supplies,East,3,11.62,0,6
O00382,2023-08-31,C035,Neel Bhatt,Corporate,P010,Notebook Pack,Office Supplies,Central,4,11.91,0.05,6
O00382,2023-08-31,C035,Neel Bhatt,Corporate,P006,Monitor,Technology,Central,3,256.30,0.2,180
O00382,2023-08-31,C035,Neel Bhatt,Corporate,P013,Marker Set,Office Supplies,Central,2,9.78,0.05,5
O00382,2023-08-31,C035,Neel Bhatt,Corporate,P003,Bookcase,Furniture,Central,5,144.47,0.1,100
O00383,2024-12-04,C035,Neel Bhatt,Corporate,P009,Webcam,Technology,Central,6,58.18,0.05,38
O00383,2024-12-04,C035,Neel Bhatt,Corporate,P007,Keyboard,Technology,Central,1,44.88,0,28
O00384,2023-06-30,C054,Aarav Trivedi,Consumer,P003,Bookcase,Furniture,West,3,154.28,0.3,100
O00384,2023-06-30,C054,Aarav Trivedi,Consumer,P011,Printer Paper,Office Supplies,West,5,25.16,0.3,15
O00384,2023-06-30,C054,Aarav Trivedi,Consumer,P009,Webcam,Technology,West,6,59.39,0.1,38
O00384,2023-06-30,C054,Aarav Trivedi,Consumer,P012,Stapler,Office Supplies,West,3,14.34,0.2,8
O00385,2024-05-02,C013,Vihaan Shah,Home Office,P012,Stapler,Office Supplies,Central,3,15.09,0,8
O00385,2024-05-02,C013,Vihaan Shah,Home Office,P006,Monitor,Technology,Central,1,238.00,0,180
O00385,2024-05-02,C013,Vihaan Shah,Home Office,P005,Laptop,Technology,Central,5,933.06,0,720
O00385,2024-05-02,C013,Vihaan Shah,Home Office,P013,Marker Set,Office Supplies,Central,6,10.08,0,5
O00386,2024-10-26,C037,Anaya Patel,Home Office,P006,Monitor,Technology,Central,4,256.87,0.05,180
O00386,2024-10-26,C037,Anaya Patel,Home Office,P011,Printer Paper,Office Supplies,Central,3,24.70,0,15
O00386,2024-10-26,C037,Anaya Patel,Home Office,P009,Webcam,Technology,Central,2,60.79,0.05,38
O00387,2023-06-21,C044,Diya Parikh,Consumer,P011,Printer Paper,Office Supplies,West,3,23.95,0.1,15
O00387,2023-06-21,C044,Diya Parikh,Consumer,P010,Notebook Pack,Office Supplies,West,6,11.78,0.2,6
O00387,2023-06-21,C044,Diya Parikh,Consumer,P013,Marker Set,Office Supplies,West,5,10.21,0.3,5
O00387,2023-06-21,C044,Diya Parikh,Consumer,P007,Keyboard,Technology,West,4,43.97,0.3,28
O00388,2024-01-07,C076,Aarav Bhatt,Consumer,P007,Keyboard,Technology,West,6,46.02,0.2,28
O00388,2024-01-07,C076,Aarav Bhatt,Consumer,P003,Bookcase,Furniture,West,6,156.61,0.3,100
O00388,2024-01-07,C076,Aarav Bhatt,Consumer,P013,Marker Set,Office Supplies,West,4,9.71,0.1,5
O00388,2024-01-07,C076,Aarav Bhatt,Consumer,P001,Office Chair,Furniture,West,4,115.15,0.1,80
O00389,2024-07-15,C007,Meera Parikh,Home Office,P013,Marker Set,Office Supplies,Central,1,10.02,0.05,5
O00390,2023-04-17,C034,Arjun Patel,Home Office,P002,Desk,Furniture,East,2,294.28,0.05,210
O00390,2023-04-17,C034,Arjun Patel,Home Office,P011,Printer Paper,Office Supplies,East,6,24.46,0.2,15
O00391,2023-05-10,C017,Vihaan Joshi,Corporate,P001,Office Chair,Furniture,Central,3,118.28,0.2,80
O00391,2023-05-10,C017,Vihaan Joshi,Corporate,P014,Binder,Office Supplies,Central,5,7.97,0.05,4
O00392,2023-10-06,C018,Kabir Trivedi,Corporate,P010,Notebook Pack,Office Supplies,West,6,12.16,0.3,6
O00392,2023-10-06,C018,Kabir Trivedi,Corporate,P014,Binder,Office Supplies,West,6,7.95,0.2,4
O00393,2024-10-16,C045,Kabir Parikh,Home Office,P009,Webcam,Technology,West,3,59.19,0.3,38
O00393,2024-10-16,C045,Kabir Parikh,Home Office,P004,Standing Mat,Furniture,West,1,39.21,0.2,25
O00393,2024-10-16,C045,Kabir Parikh,Home Office,P002,Desk,Furniture,West,2,309.46,0.2,210
O00393,2024-10-16,C045,Kabir Parikh,Home Office,P008,Headset,Technology,West,5,78.29,0.3,50
O00394,2023-01-09,C063,Arjun Parikh,Consumer,P005,Laptop,Technology,South,1,875.81,0.1,720
O00394,2023-01-09,C063,Arjun Parikh,Consumer,P001,Office Chair,Furniture,South,4,118.48,0.1,80
O00394,2023-01-09,C063,Arjun Parikh,Consumer,P007,Keyboard,Technology,South,2,44.72,0.1,28
O00394,2023-01-09,C063,Arjun Parikh,Consumer,P014,Binder,Office Supplies,South,6,8.17,0,4
O00395,2024-02-04,C049,Anaya Bhatt,Corporate,P005,Laptop,Technology,East,5,911.28,0.05,720
O00395,2024-02-04,C049,Anaya Bhatt,Corporate,P002,Desk,Furniture,East,6,309.23,0.1,210
O00396,2023-10-24,C069,Kabir Modi,Consumer,P007,Keyboard,Technology,South,1,43.36,0,28
O00396,2023-10-24,C069,Kabir Modi,Consumer,P004,Standing Mat,Furniture,South,4,39.82,0.2,25
O00396,2023-10-24,C069,Kabir Modi,Consumer,P002,Desk,Furniture,South,4,306.01,0,210
O00397,2023-07-12,C042,Diya Trivedi,Corporate,P003,Bookcase,Furniture,West,1,157.05,0.1,100
O00398,2023-07-10,C014,Neel Thakkar,Corporate,P005,Laptop,Technology,West,2,920.44,0.3,720
O00398,2023-07-10,C014,Neel Thakkar,Corporate,P003,Bookcase,Furniture,West,4,144.76,0.1,100
O00398,2023-07-10,C014,Neel Thakkar,Corporate,P012,Stapler,Office Supplies,West,3,14.76,0.2,8
O00399,2024-05-25,C048,Riya Joshi,Corporate,P012,Stapler,Office Supplies,Central,2,15.52,0,8
O00399,2024-05-25,C048,Riya Joshi,Corporate,P013,Marker Set,Office Supplies,Central,4,9.77,0,5
O00399,2024-05-25,C048,Riya Joshi,Corporate,P001,Office Chair,Furniture,Central,2,120.52,0,80
O00399,2024-05-25,C048,Riya Joshi,Corporate,P006,Monitor,Technology,Central,3,259.89,0,180
O00400,2024-01-26,C002,Meera Desai,Consumer,P013,Marker Set,Office Supplies,East,4,9.75,0.2,5
O00401,2023-09-11,C005,Meera Bhatt,Home Office,P008,Headset,Technology,East,2,80.17,0,50
O00401,2023-09-11,C005,Meera Bhatt,Home Office,P012,Stapler,Office Supplies,East,3,14.83,0.05,8
O00402,2023-11-24,C006,Arjun Desai,Home Office,P005,Laptop,Technology,South,2,912.47,0.05,720
O00403,2024-01-05,C007,Meera Parikh,Home Office,P002,Desk,Furniture,Central,1,298.02,0.2,210
O00403,2024-01-05,C007,Meera Parikh,Home Office,P004,Standing Mat,Furniture,Central,5,41.18,0,25
O00404,2023-05-03,C051,Aarav Thakkar,Home Office,P001,Office Chair,Furniture,West,4,123.40,0.2,80
O00404,2023-05-03,C051,Aarav Thakkar,Home Office,P014,Binder,Office Supplies,West,1,7.72,0.2,4
O00405,2023-09-12,C021,Kabir Parikh,Corporate,P002,Desk,Furniture,Central,3,286.80,0.2,210
O00405,2023-09-12,C021,Kabir Parikh,Corporate,P011,Printer Paper,Office Supplies,Central,5,24.13,0.2,15
O00405,2023-09-12,C021,Kabir Parikh,Corporate,P010,Notebook Pack,Office Supplies,Central,2,11.55,0,6
O00405,2023-09-12,C021,Kabir Parikh,Corporate,P006,Monitor,Technology,Central,6,262.04,0,180
O00406,2023-12-22,C057,Meera Parikh,Corporate,P001,Office Chair,Furniture,West,2,118.30,0.3,80
O00406,2023-12-22,C057,Meera Parikh,Corporate,P012,Stapler,Office Supplies,West,4,15.60,0.3,8
O00407,2024-12-10,C070,Rohan Parikh,Corporate,P004,Standing Mat,Furniture,South,4,39.29,0,25
O00407,2024-12-10,C070,Rohan Parikh,Corporate,P010,Notebook Pack,Office Supplies,South,5,12.44,0,6
O00407,2024-12-10,C070,Rohan Parikh,Corporate,P003,Bookcase,Furniture,South,5,144.91,0.1,100
O00407,2024-12-10,C070,Rohan Parikh,Corporate,P009,Webcam,Technology,South,3,59.70,0,38
O00408,2024-07-08,C047,Meera Bhatt,Home Office,P001,Office Chair,Furniture,West,1,122.80,0.3,80
O00408,2024-07-08,C047,Meera Bhatt,Home Office,P013,Marker Set,Office Supplies,West,5,10.36,0.2,5
O00408,2024-07-08,C047,Meera Bhatt,Home Office,P011,Printer Paper,Office Supplies,West,1,24.55,0.2,15
O00408,2024-07-08,C047,Meera Bhatt,Home Office,P009,Webcam,Technology,West,2,61.91,0.2,38
O00409,2024-06-20,C064,Kabir Joshi,Corporate,P010,Notebook Pack,Office Supplies,West,3,11.89,0.3,6
O00409,2024-06-20,C064,Kabir Joshi,Corporate,P005,Laptop,Technology,West,6,863.66,0.1,720
O00410,2023-03-10,C006,Arjun Desai,Home Office,P003,Bookcase,Furniture,South,2,144.11,0,100
O00410,2023-03-10,C006,Arjun Desai,Home Office,P001,Office Chair,Furniture,South,6,114.38,0,80
O00411,2024-02-02,C063,Arjun Parikh,Consumer,P001,Office Chair,Furniture,South,1,122.61,0.1,80
O00411,2024-02-02,C063,Arjun Parikh,Consumer,P006,Monitor,Technology,South,1,253.89,0,180
O00411,2024-02-02,C063,Arjun Parikh,Consumer,P004,Standing Mat,Furniture,South,1,41.20,0.05,25
O00412,2024-01-05,C072,Kabir Desai,Corporate,P014,Binder,Office Supplies,West,1,7.81,0.2,4
O00412,2024-01-05,C072,Kabir Desai,Corporate,P006,Monitor,Technology,West,1,258.36,0.1,180
O00412,2024-01-05,C072,Kabir Desai,Corporate,P012,Stapler,Office Supplies,West,1,15.69,0.2,8
O00412,2024-01-05,C072,Kabir Desai,Corporate,P001,Office Chair,Furniture,West,5,122.70,0.1,80
O00413,2024-01-30,C025,Sara Trivedi,Consumer,P009,Webcam,Technology,South,2,60.42,0,38
O00413,2024-01-30,C025,Sara Trivedi,Consumer,P011,Printer Paper,Office Supplies,South,4,25.62,0.1,15
O00414,2023-04-19,C074,Riya Trivedi,Consumer,P011,Printer Paper,Office Supplies,East,1,24.82,0.2,15
O00414,2023-04-19,C074,Riya Trivedi,Consumer,P008,Headset,Technology,East,5,82.34,0,50
O00414,2023-04-19,C074,Riya Trivedi,Consumer,P012,Stapler,Office Supplies,East,6,15.01,0.05,8
O00415,2023-06-11,C069,Kabir Modi,Consumer,P006,Monitor,Technology,South,6,247.81,0,180
O00415,2023-06-11,C069,Kabir Modi,Consumer,P014,Binder,Office Supplies,South,3,8.26,0.05,4
O00415,2023-06-11,C069,Kabir Modi,Consumer,P009,Webcam,Technology,South,5,58.44,0.1,38
O00415,2023-06-11,C069,Kabir Modi,Consumer,P013,Marker Set,Office Supplies,South,5,9.88,0,5
O00416,2023-09-18,C047,Meera Bhatt,Home Office,P008,Headset,Technology,West,5,80.77,0.3,50
O00416,2023-09-18,C047,Meera Bhatt,Home Office,P007,Keyboard,Technology,West,3,47.22,0.2,28
O00416,2023-09-18,C047,Meera Bhatt,Home Office,P001,Office Chair,Furniture,West,2,117.60,0.1,80
O00416,2023-09-18,C047,Meera Bhatt,Home Office,P012,Stapler,Office Supplies,West,1,15.53,0.2,8
O00417,2024-12-07,C071,Riya Bhatt,Home Office,P002,Desk,Furniture,South,2,295.67,0.05,210
O00417,2024-12-07,C071,Riya Bhatt,Home Office,P001,Office Chair,Furniture,South,5,118.40,0,80
O00418,2023-09-13,C030,Diya Patel,Consumer,P013,Marker Set,Office Supplies,West,2,9.90,0.2,5
O00418,2023-09-13,C030,Diya Patel,Consumer,P005,Laptop,Technology,West,4,920.12,0.1,720
O00418,2023-09-13,C030,Diya Patel,Consumer,P002,Desk,Furniture,West,6,299.65,0.2,210
O00419,2024-12-20,C013,Vihaan Shah,Home Office,P001,Office Chair,Furniture,Central,1,114.94,0.05,80
O00419,2024-12-20,C013,Vihaan Shah,Home Office,P012,Stapler,Office Supplies,Central,4,14.77,0,8
O00419,2024-12-20,C013,Vihaan Shah,Home Office,P010,Notebook Pack,Office Supplies,Central,1,12.52,0.05,6
O00420,2023-08-21,C078,Vihaan Shah,Home Office,P011,Printer Paper,Office Supplies,West,5,23.89,0.3,15
O00421,2023-02-12,C041,Sara Trivedi,Corporate,P006,Monitor,Technology,East,1,243.02,0.2,180
O00421,2023-02-12,C041,Sara Trivedi,Corporate,P009,Webcam,Technology,East,4,61.39,0.2,38
O00422,2024-04-01,C077,Diya Thakkar,Consumer,P004,Standing Mat,Furniture,West,4,39.16,0.3,25
O00423,2023-06-01,C017,Vihaan Joshi,Corporate,P002,Desk,Furniture,Central,4,286.48,0.2,210
O00423,2023-06-01,C017,Vihaan Joshi,Corporate,P008,Headset,Technology,Central,5,76.68,0,50
O00423,2023-06-01,C017,Vihaan Joshi,Corporate,P010,Notebook Pack,Office Supplies,Central,2,12.33,0.05,6
O00424,2023-05-19,C062,Diya Desai,Consumer,P008,Headset,Technology,West,5,77.57,0.2,50
O00424,2023-05-19,C062,Diya Desai,Consumer,P007,Keyboard,Technology,West,1,43.86,0.2,28
O00425,2023-09-30,C056,Riya Thakkar,Home Office,P011,Printer Paper,Office Supplies,South,4,25.43,0,15
O00425,2023-09-30,C056,Riya Thakkar,Home Office,P010,Notebook Pack,Office Supplies,South,3,11.82,0,6
O00425,2023-09-30,C056,Riya Thakkar,Home Office,P002,Desk,Furniture,South,1,302.82,0,210
O00426,2023-11-12,C079,Sara Thakkar,Consumer,P010,Notebook Pack,Office Supplies,East,3,11.64,0,6
O00426,2023-11-12,C079,Sara Thakkar,Consumer,P003,Bookcase,Furniture,East,1,153.87,0,100
O00426,2023-11-12,C079,Sara Thakkar,Consumer,P008,Headset,Technology,East,2,81.92,0,50
O00426,2023-11-12,C079,Sara Thakkar,Consumer,P001,Office Chair,Furniture,East,3,125.12,0.1,80
O00427,2023-01-15,C044,Diya Parikh,Consumer,P005,Laptop,Technology,West,3,897.41,0.3,720
O00428,2023-08-03,C069,Kabir Modi,Consumer,P004,Standing Mat,Furniture,South,5,41.00,0.1,25
O00428,2023-08-03,C069,Kabir Modi,Consumer,P009,Webcam,Technology,South,2,60.74,0.05,38
O00429,2024-12-12,C003,Neel Bhatt,Consumer,P010,Notebook Pack,Office Supplies,South,3,11.60,0,6
O00429,2024-12-12,C003,Neel Bhatt,Consumer,P011,Printer Paper,Office Supplies,South,5,25.72,0,15
O00429,2024-12-12,C003,Neel Bhatt,Consumer,P009,Webcam,Technology,South,6,57.32,0,38
O00429,2024-12-12,C003,Neel Bhatt,Consumer,P001,Office Chair,Furniture,South,6,114.80,0,80
O00430,2023-10-05,C047,Meera Bhatt,Home Office,P001,Office Chair,Furniture,West,6,124.41,0.3,80
O00431,2024-01-31,C030,Diya Patel,Consumer,P009,Webcam,Technology,West,5,62.20,0.3,38
O00431,2024-01-31,C030,Diya Patel,Consumer,P012,Stapler,Office Supplies,West,5,14.53,0.1,8
O00431,2024-01-31,C030,Diya Patel,Consumer,P002,Desk,Furniture,West,6,301.82,0.3,210
O00431,2024-01-31,C030,Diya Patel,Consumer,P006,Monitor,Technology,West,5,238.49,0.1,180
O00432,2023-11-13,C021,Kabir Parikh,Corporate,P006,Monitor,Technology,Central,6,246.30,0.2,180
O00433,2023-11-17,C036,Diya Joshi,Corporate,P011,Printer Paper,Office Supplies,West,1,25.95,0.3,15
O00434,2024-07-22,C036,Diya Joshi,Corporate,P003,Bookcase,Furniture,West,1,152.35,0.3,100
O00434,2024-07-22,C036,Diya Joshi,Corporate,P006,Monitor,Technology,West,6,250.52,0.3,180
O00435,2024-09-19,C030,Diya Patel,Consumer,P004,Standing Mat,Furniture,West,3,41.64,0.3,25
O00435,2024-09-19,C030,Diya Patel,Consumer,P010,Notebook Pack,Office Supplies,West,2,12.05,0.3,6
O00435,2024-09-19,C030,Diya Patel,Consumer,P003,Bookcase,Furniture,West,6,151.22,0.2,100
O00435,2024-09-19,C030,Diya Patel,Consumer,P007,Keyboard,Technology,West,3,46.63,0.2,28
O00436,2024-12-06,C068,Anaya Desai,Corporate,P007,Keyboard,Technology,East,5,45.70,0,28
O00436,2024-12-06,C068,Anaya Desai,Corporate,P013,Marker Set,Office Supplies,East,5,9.82,0,5
O00437,2024-06-29,C016,Rohan Shah,Consumer,P006,Monitor,Technology,East,3,238.24,0.2,180
O00437,2024-06-29,C016,Rohan Shah,Consumer,P003,Bookcase,Furniture,East,3,156.92,0.05,100
O00438,2024-03-29,C036,Diya Joshi,Corporate,P013,Marker Set,Office Supplies,West,1,9.63,0.1,5
O00438,2024-03-29,C036,Diya Joshi,Corporate,P004,Standing Mat,Furniture,West,5,40.47,0.2,25
O00439,2024-08-03,C079,Sara Thakkar,Consumer,P010,Notebook Pack,Office Supplies,East,3,12.22,0,6
O00439,2024-08-03,C079,Sara Thakkar,Consumer,P004,Standing Mat,Furniture,East,4,40.75,0,25
O00440,2023-05-18,C065,Diya Parikh,Home Office,P012,Stapler,Office Supplies,East,2,14.99,0.05,8
O00440,2023-05-18,C065,Diya Parikh,Home Office,P011,Printer Paper,Office Supplies,East,1,24.23,0,15
O00440,2023-05-18,C065,Diya Parikh,Home Office,P006,Monitor,Technology,East,1,256.61,0.05,180
O00440,2023-05-18,C065,Diya Parikh,Home Office,P003,Bookcase,Furniture,East,2,156.75,0,100
O00441,2024-11-18,C027,Kabir Desai,Home Office,P003,Bookcase,Furniture,Central,4,155.51,0.05,100
O00442,2024-12-15,C032,Sara Shah,Corporate,P007,Keyboard,Technology,South,6,46.46,0.2,28
O00442,2024-12-15,C032,Sara Shah,Corporate,P013,Marker Set,Office Supplies,South,6,9.89,0,5
O00442,2024-12-15,C032,Sara Shah,Corporate,P001,Office Chair,Furniture,South,5,121.13,0.1,80
O00442,2024-12-15,C032,Sara Shah,Corporate,P010,Notebook Pack,Office Supplies,South,1,12.45,0.2,6
O00443,2024-06-17,C014,Neel Thakkar,Corporate,P008,Headset,Technology,West,6,79.16,0.2,50
O00443,2024-06-17,C014,Neel Thakkar,Corporate,P001,Office Chair,Furniture,West,5,120.69,0.1,80
O00443,2024-06-17,C014,Neel Thakkar,Corporate,P004,Standing Mat,Furniture,West,4,38.76,0.1,25
O00443,2024-06-17,C014,Neel Thakkar,Corporate,P009,Webcam,Technology,West,3,62.31,0.3,38
O00444,2024-04-17,C022,Neel Bhatt,Consumer,P005,Laptop,Technology,Central,6,896.72,0,720
O00444,2024-04-17,C022,Neel Bhatt,Consumer,P010,Notebook Pack,Office Supplies,Central,5,11.51,0.05,6
O00444,2024-04-17,C022,Neel Bhatt,Consumer,P001,Office Chair,Furniture,Central,5,116.16,0,80
O00444,2024-04-17,C022,Neel Bhatt,Consumer,P009,Webcam,Technology,Central,4,60.28,0.2,38
O00445,2024-02-28,C042,Diya Trivedi,Corporate,P001,Office Chair,Furniture,West,1,124.59,0.2,80
O00445,2024-02-28,C042,Diya Trivedi,Corporate,P003,Bookcase,Furniture,West,6,147.36,0.3,100
O00445,2024-02-28,C042,Diya Trivedi,Corporate,P008,Headset,Technology,West,1,81.75,0.2,50
O00445,2024-02-28,C042,Diya Trivedi,Corporate,P010,Notebook Pack,Office Supplies,West,4,11.54,0.1,6
O00446,2024-10-17,C050,Meera Desai,Consumer,P007,Keyboard,Technology,Central,2,42.95,0.05,28
O00446,2024-10-17,C050,Meera Desai,Consumer,P009,Webcam,Technology,Central,6,60.39,0,38
O00447,2023-06-03,C021,Kabir Parikh,Corporate,P003,Bookcase,Furniture,Central,3,143.27,0.2,100
O00447,2023-06-03,C021,Kabir Parikh,Corporate,P013,Marker Set,Office Supplies,Central,4,10.23,0,5
O00448,2023-10-23,C016,Rohan Shah,Consumer,P004,Standing Mat,Furniture,East,1,41.06,0.1,25
O00448,2023-10-23,C016,Rohan Shah,Consumer,P001,Office Chair,Furniture,East,4,119.97,0.05,80
O00449,2024-07-10,C001,Neel Shah,Consumer,P004,Standing Mat,Furniture,Central,4,39.81,0.05,25
O00449,2024-07-10,C001,Neel Shah,Consumer,P014,Binder,Office Supplies,Central,1,8.08,0,4
O00449,2024-07-10,C001,Neel Shah,Consumer,P010,Notebook Pack,Office Supplies,Central,3,12.46,0,6
O00449,2024-07-10,C001,Neel Shah,Consumer,P011,Printer Paper,Office Supplies,Central,2,25.32,0.1,15
O00450,2023-02-20,C024,Vihaan Joshi,Consumer,P001,Office Chair,Furniture,West,1,114.44,0.3,80
O00450,2023-02-20,C024,Vihaan Joshi,Consumer,P011,Printer Paper,Office Supplies,West,3,25.85,0.2,15
O00451,2023-12-06,C007,Meera Parikh,Home Office,P007,Keyboard,Technology,Central,3,43.48,0,28
O00452,2024-09-17,C077,Diya Thakkar,Consumer,P008,Headset,Technology,West,1,78.88,0.2,50
O00452,2024-09-17,C077,Diya Thakkar,Consumer,P012,Stapler,Office Supplies,West,3,15.40,0.1,8
O00453,2024-01-13,C049,Anaya Bhatt,Corporate,P013,Marker Set,Office Supplies,East,1,10.34,0.05,5
O00454,2023-10-04,C036,Diya Joshi,Corporate,P009,Webcam,Technology,West,5,61.17,0.2,38
O00454,2023-10-04,C036,Diya Joshi,Corporate,P007,Keyboard,Technology,West,6,43.24,0.1,28
O00454,2023-10-04,C036,Diya Joshi,Corporate,P014,Binder,Office Supplies,West,4,8.39,0.2,4
O00455,2024-12-06,C037,Anaya Patel,Home Office,P010,Notebook Pack,Office Supplies,Central,3,12.59,0.1,6
O00455,2024-12-06,C037,Anaya Patel,Home Office,P006,Monitor,Technology,Central,4,252.86,0,180
O00455,2024-12-06,C037,Anaya Patel,Home Office,P005,Laptop,Technology,Central,4,920.63,0.1,720
O00455,2024-12-06,C037,Anaya Patel,Home Office,P009,Webcam,Technology,Central,5,61.85,0.05,38
O00456,2023-08-27,C038,Arjun Mehta,Home Office,P001,Office Chair,Furniture,East,1,119.58,0,80
O00456,2023-08-27,C038,Arjun Mehta,Home Office,P002,Desk,Furniture,East,5,310.44,0.2,210
O00457,2024-02-29,C053,Riya Patel,Consumer,P006,Monitor,Technology,East,6,251.51,0,180
O00458,2023-08-06,C002,Meera Desai,Consumer,P012,Stapler,Office Supplies,East,3,15.44,0,8
O00458,2023-08-06,C002,Meera Desai,Consumer,P005,Laptop,Technology,East,3,900.60,0,720
O00459,2023-01-07,C015,Riya Shah,Consumer,P006,Monitor,Technology,West,1,252.90,0.2,180
O00459,2023-01-07,C015,Riya Shah,Consumer,P007,Keyboard,Technology,West,3,43.62,0.2,28
O00459,2023-01-07,C015,Riya Shah,Consumer,P012,Stapler,Office Supplies,West,1,15.62,0.3,8
O00460,2024-10-05,C059,Isha Modi,Corporate,P008,Headset,Technology,South,5,76.45,0.2,50
O00460,2024-10-05,C059,Isha Modi,Corporate,P013,Marker Set,Office Supplies,South,6,10.06,0,5
O00460,2024-10-05,C059,Isha Modi,Corporate,P007,Keyboard,Technology,South,1,45.25,0,28
O00461,2023-08-02,C074,Riya Trivedi,Consumer,P013,Marker Set,Office Supplies,East,3,10.47,0,5
O00461,2023-08-02,C074,Riya Trivedi,Consumer,P014,Binder,Office Supplies,East,4,7.87,0,4
O00461,2023-08-02,C074,Riya Trivedi,Consumer,P006,Monitor,Technology,East,2,250.86,0.2,180
O00462,2024-08-07,C078,Vihaan Shah,Home Office,P003,Bookcase,Furniture,West,3,153.15,0.3,100
O00462,2024-08-07,C078,Vihaan Shah,Home Office,P010,Notebook Pack,Office Supplies,West,2,11.50,0.3,6
O00462,2024-08-07,C078,Vihaan Shah,Home Office,P002,Desk,Furniture,West,3,298.56,0.3,210
O00462,2024-08-07,C078,Vihaan Shah,Home Office,P005,Laptop,Technology,West,2,902.26,0.2,720
O00463,2023-04-25,C048,Riya Joshi,Corporate,P013,Marker Set,Office Supplies,Central,4,10.41,0,5
O00464,2024-06-02,C004,Aarav Patel,Consumer,P009,Webcam,Technology,West,5,61.39,0.3,38
O00464,2024-06-02,C004,Aarav Patel,Consumer,P003,Bookcase,Furniture,West,2,154.13,0.3,100
O00464,2024-06-02,C004,Aarav Patel,Consumer,P004,Standing Mat,Furniture,West,5,41.29,0.1,25
O00464,2024-06-02,C004,Aarav Patel,Consumer,P006,Monitor,Technology,West,1,242.63,0.2,180
O00465,2024-04-15,C050,Meera Desai,Consumer,P001,Office Chair,Furniture,Central,6,125.19,0,80
O00466,2024-08-31,C012,Aarav Parikh,Home Office,P008,Headset,Technology,East,6,82.13,0.1,50
O00466,2024-08-31,C012,Aarav Parikh,Home Office,P001,Office Chair,Furniture,East,3,114.27,0,80
O00466,2024-08-31,C012,Aarav Parikh,Home Office,P002,Desk,Furniture,East,3,311.76,0.2,210
O00467,2023-07-25,C025,Sara Trivedi,Consumer,P005,Laptop,Technology,South,3,915.40,0.05,720
O00467,2023-07-25,C025,Sara Trivedi,Consumer,P009,Webcam,Technology,South,1,57.94,0,38
O00467,2023-07-25,C025,Sara Trivedi,Consumer,P006,Monitor,Technology,South,5,261.46,0,180
O00468,2024-06-10,C014,Neel Thakkar,Corporate,P009,Webcam,Technology,West,2,58.91,0.2,38
O00468,2024-06-10,C014,Neel Thakkar,Corporate,P006,Monitor,Technology,West,2,251.85,0.3,180
O00469,2023-03-14,C040,Kabir Trivedi,Consumer,P009,Webcam,Technology,East,6,57.17,0,38
O00469,2023-03-14,C040,Kabir Trivedi,Consumer,P008,Headset,Technology,East,1,76.85,0,50
O00469,2023-03-14,C040,Kabir Trivedi,Consumer,P001,Office Chair,Furniture,East,2,119.12,0,80
O00470,2024-12-22,C076,Aarav Bhatt,Consumer,P010,Notebook Pack,Office Supplies,West,6,12.26,0.2,6
O00470,2024-12-22,C076,Aarav Bhatt,Consumer,P006,Monitor,Technology,West,4,239.46,0.2,180
O00470,2024-12-22,C076,Aarav Bhatt,Consumer,P005,Laptop,Technology,West,6,866.86,0.2,720
O00470,2024-12-22,C076,Aarav Bhatt,Consumer,P013,Marker Set,Office Supplies,West,3,9.60,0.3,5
O00471,2024-12-01,C060,Riya Patel,Home Office,P004,Standing Mat,Furniture,East,4,41.65,0,25
O00471,2024-12-01,C060,Riya Patel,Home Office,P014,Binder,Office Supplies,East,6,8.16,0,4
O00471,2024-12-01,C060,Riya Patel,Home Office,P003,Bookcase,Furniture,East,3,154.33,0,100
O00471,2024-12-01,C060,Riya Patel,Home Office,P010,Notebook Pack,Office Supplies,East,1,11.99,0.05,6
O00472,2024-05-01,C015,Riya Shah,Consumer,P008,Headset,Technology,West,5,82.14,0.3,50
O00472,2024-05-01,C015,Riya Shah,Consumer,P014,Binder,Office Supplies,West,1,7.70,0.2,4
O00472,2024-05-01,C015,Riya Shah,Consumer,P003,Bookcase,Furniture,West,1,154.76,0.3,100
O00473,2023-11-30,C010,Isha Shah,Consumer,P009,Webcam,Technology,South,5,59.48,0.1,38
O00473,2023-11-30,C010,Isha Shah,Consumer,P008,Headset,Technology,South,4,80.38,0,50
O00473,2023-11-30,C010,Isha Shah,Consumer,P007,Keyboard,Technology,South,2,43.05,0.05,28
O00474,2024-12-11,C056,Riya Thakkar,Home Office,P009,Webcam,Technology,South,1,60.98,0,38
O00474,2024-12-11,C056,Riya Thakkar,Home Office,P012,Stapler,Office Supplies,South,5,15.65,0.2,8
O00474,2024-12-11,C056,Riya Thakkar,Home Office,P004,Standing Mat,Furniture,South,5,38.46,0.05,25
O00475,2024-04-19,C042,Diya Trivedi,Corporate,P014,Binder,Office Supplies,West,4,7.74,0.3,4
O00476,2023-03-13,C077,Diya Thakkar,Consumer,P011,Printer Paper,Office Supplies,West,4,25.68,0.2,15
O00477,2023-12-22,C008,Aarav Mehta,Home Office,P004,Standing Mat,Furniture,South,6,41.55,0,25
O00478,2023-01-01,C019,Neel Joshi,Home Office,P008,Headset,Technology,East,5,79.12,0,50
O00478,2023-01-01,C019,Neel Joshi,Home Office,P009,Webcam,Technology,East,6,58.17,0.05,38
O00479,2023-11-26,C039,Neel Joshi,Home Office,P012,Stapler,Office Supplies,West,5,15.17,0.1,8
O00479,2023-11-26,C039,Neel Joshi,Home Office,P006,Monitor,Technology,West,3,258.69,0.3,180
O00479,2023-11-26,C039,Neel Joshi,Home Office,P002,Desk,Furniture,West,5,296.08,0.1,210
O00479,2023-11-26,C039,Neel Joshi,Home Office,P010,Notebook Pack,Office Supplies,West,5,11.40,0.1,6
O00480,2024-01-03,C015,Riya Shah,Consumer,P014,Binder,Office Supplies,West,4,8.16,0.3,4
O00480,2024-01-03,C015,Riya Shah,Consumer,P001,Office Chair,Furniture,West,4,122.54,0.3,80
O00480,2024-01-03,C015,Riya Shah,Consumer,P004,Standing Mat,Furniture,West,2,39.74,0.3,25
O00481,2024-11-05,C025,Sara Trivedi,Consumer,P014,Binder,Office Supplies,South,6,8.40,0,4
O00481,2024-11-05,C025,Sara Trivedi,Consumer,P006,Monitor,Technology,South,1,240.86,0,180
O00481,2024-11-05,C025,Sara Trivedi,Consumer,P007,Keyboard,Technology,South,6,42.82,0.2,28
O00481,2024-11-05,C025,Sara Trivedi,Consumer,P003,Bookcase,Furniture,South,2,152.37,0.05,100
O00482,2023-03-28,C018,Kabir Trivedi,Corporate,P014,Binder,Office Supplies,West,4,8.10,0.3,4
O00482,2023-03-28,C018,Kabir Trivedi,Corporate,P008,Headset,Technology,West,4,79.39,0.2,50
O00482,2023-03-28,C018,Kabir Trivedi,Corporate,P012,Stapler,Office Supplies,West,2,14.78,0.3,8
O00482,2023-03-28,C018,Kabir Trivedi,Corporate,P010,Notebook Pack,Office Supplies,West,5,12.13,0.3,6
O00483,2024-05-25,C031,Neel Mehta,Home Office,P007,Keyboard,Technology,South,1,42.90,0,28
O00483,2024-05-25,C031,Neel Mehta,Home Office,P009,Webcam,Technology,South,3,59.90,0.1,38
O00483,2024-05-25,C031,Neel Mehta,Home Office,P010,Notebook Pack,Office Supplies,South,6,12.10,0,6
O00484,2023-03-23,C019,Neel Joshi,Home Office,P008,Headset,Technology,East,1,83.12,0.1,50
O00484,2023-03-23,C019,Neel Joshi,Home Office,P009,Webcam,Technology,East,6,59.83,0,38
O00484,2023-03-23,C019,Neel Joshi,Home Office,P002,Desk,Furniture,East,1,313.81,0.2,210
O00485,2024-12-01,C075,Sara Parikh,Home Office,P010,Notebook Pack,Office Supplies,West,4,12.33,0.2,6
O00485,2024-12-01,C075,Sara Parikh,Home Office,P001,Office Chair,Furniture,West,4,120.15,0.3,80
O00485,2024-12-01,C075,Sara Parikh,Home Office,P006,Monitor,Technology,West,4,255.85,0.2,180
O00486,2023-12-28,C038,Arjun Mehta,Home Office,P003,Bookcase,Furniture,East,6,153.74,0.1,100
O00486,2023-12-28,C038,Arjun Mehta,Home Office,P001,Office Chair,Furniture,East,6,117.13,0.1,80
O00486,2023-12-28,C038,Arjun Mehta,Home Office,P012,Stapler,Office Supplies,East,5,15.12,0.05,8
O00487,2023-02-22,C038,Arjun Mehta,Home Office,P005,Laptop,Technology,East,5,862.43,0.05,720
O00488,2023-03-20,C036,Diya Joshi,Corporate,P003,Bookcase,Furniture,West,1,155.37,0.3,100
O00488,2023-03-20,C036,Diya Joshi,Corporate,P010,Notebook Pack,Office Supplies,West,5,12.12,0.1,6
O00488,2023-03-20,C036,Diya Joshi,Corporate,P005,Laptop,Technology,West,3,914.32,0.2,720
O00489,2023-06-29,C034,Arjun Patel,Home Office,P008,Headset,Technology,East,3,82.90,0.1,50
O00489,2023-06-29,C034,Arjun Patel,Home Office,P003,Bookcase,Furniture,East,5,157.01,0,100
O00490,2023-06-07,C064,Kabir Joshi,Corporate,P013,Marker Set,Office Supplies,West,2,10.23,0.3,5
O00490,2023-06-07,C064,Kabir Joshi,Corporate,P007,Keyboard,Technology,West,3,45.35,0.2,28
O00490,2023-06-07,C064,Kabir Joshi,Corporate,P004,Standing Mat,Furniture,West,1,40.57,0.1,25
O00490,2023-06-07,C064,Kabir Joshi,Corporate,P011,Printer Paper,Office Supplies,West,4,24.17,0.1,15
O00491,2024-05-02,C039,Neel Joshi,Home Office,P012,Stapler,Office Supplies,West,4,15.28,0.3,8
O00491,2024-05-02,C039,Neel Joshi,Home Office,P013,Marker Set,Office Supplies,West,5,9.76,0.3,5
O00491,2024-05-02,C039,Neel Joshi,Home Office,P009,Webcam,Technology,West,4,57.07,0.3,38
O00491,2024-05-02,C039,Neel Joshi,Home Office,P004,Standing Mat,Furniture,West,5,40.71,0.3,25
O00492,2024-11-30,C013,Vihaan Shah,Home Office,P014,Binder,Office Supplies,Central,3,8.29,0.2,4
O00492,2024-11-30,C013,Vihaan Shah,Home Office,P007,Keyboard,Technology,Central,1,43.95,0,28
O00492,2024-11-30,C013,Vihaan Shah,Home Office,P010,Notebook Pack,Office Supplies,Central,4,12.19,0,6
O00493,2024-04-17,C031,Neel Mehta,Home Office,P009,Webcam,Technology,South,2,61.14,0.2,38
O00493,2024-04-17,C031,Neel Mehta,Home Office,P006,Monitor,Technology,South,6,251.19,0,180
O00494,2023-01-09,C009,Isha Joshi,Consumer,P007,Keyboard,Technology,West,6,45.11,0.1,28
O00495,2024-04-01,C045,Kabir Parikh,Home Office,P012,Stapler,Office Supplies,West,1,14.54,0.3,8
O00495,2024-04-01,C045,Kabir Parikh,Home Office,P005,Laptop,Technology,West,5,863.27,0.2,720
O00496,2024-11-03,C028,Riya Thakkar,Corporate,P012,Stapler,Office Supplies,South,5,14.38,0,8
O00497,2023-05-14,C049,Anaya Bhatt,Corporate,P002,Desk,Furniture,East,4,292.60,0,210
O00497,2023-05-14,C049,Anaya Bhatt,Corporate,P012,Stapler,Office Supplies,East,6,15.65,0.2,8
O00498,2024-04-09,C036,Diya Joshi,Corporate,P012,Stapler,Office Supplies,West,3,15.42,0.2,8
O00498,2024-04-09,C036,Diya Joshi,Corporate,P011,Printer Paper,Office Supplies,West,3,24.71,0.1,15
O00498,2024-04-09,C036,Diya Joshi,Corporate,P006,Monitor,Technology,West,3,243.96,0.1,180
O00498,2024-04-09,C036,Diya Joshi,Corporate,P005,Laptop,Technology,West,4,894.65,0.2,720
O00499,2023-07-25,C079,Sara Thakkar,Consumer,P003,Bookcase,Furniture,East,4,150.61,0,100
O00499,2023-07-25,C079,Sara Thakkar,Consumer,P011,Printer Paper,Office Supplies,East,1,25.28,0,15
O00499,2023-07-25,C079,Sara Thakkar,Consumer,P008,Headset,Technology,East,1,81.72,0.05,50
O00499,2023-07-25,C079,Sara Thakkar,Consumer,P002,Desk,Furniture,East,5,287.19,0,210
O00500,2023-09-14,C058,Diya Shah,Home Office,P008,Headset,Technology,South,1,81.22,0,50
O00501,2023-02-08,C050,Meera Desai,Consumer,P003,Bookcase,Furniture,Central,5,151.12,0.05,100
O00501,2023-02-08,C050,Meera Desai,Consumer,P012,Stapler,Office Supplies,Central,4,15.66,0.2,8
O00501,2023-02-08,C050,Meera Desai,Consumer,P006,Monitor,Technology,Central,6,248.40,0.05,180
O00502,2023-03-13,C070,Rohan Parikh,Corporate,P001,Office Chair,Furniture,South,4,123.82,0.2,80
O00502,2023-03-13,C070,Rohan Parikh,Corporate,P007,Keyboard,Technology,South,3,45.30,0,28
O00503,2023-12-08,C052,Sara Desai,Consumer,P011,Printer Paper,Office Supplies,East,5,23.98,0.2,15
O00504,2023-12-15,C038,Arjun Mehta,Home Office,P003,Bookcase,Furniture,East,6,157.01,0,100
O00504,2023-12-15,C038,Arjun Mehta,Home Office,P009,Webcam,Technology,East,4,58.79,0,38
O00505,2023-04-20,C046,Rohan Bhatt,Home Office,P002,Desk,Furniture,South,1,286.07,0,210
O00505,2023-04-20,C046,Rohan Bhatt,Home Office,P011,Printer Paper,Office Supplies,South,2,26.24,0.2,15
O00505,2023-04-20,C046,Rohan Bhatt,Home Office,P008,Headset,Technology,South,5,79.11,0.05,50
O00505,2023-04-20,C046,Rohan Bhatt,Home Office,P004,Standing Mat,Furniture,South,5,39.23,0.2,25
O00506,2024-04-05,C003,Neel Bhatt,Consumer,P006,Monitor,Technology,South,6,245.94,0,180
O00507,2023-02-13,C052,Sara Desai,Consumer,P004,Standing Mat,Furniture,East,4,40.67,0.2,25
O00508,2024-11-25,C069,Kabir Modi,Consumer,P012,Stapler,Office Supplies,South,1,15.64,0,8
O00508,2024-11-25,C069,Kabir Modi,Consumer,P010,Notebook Pack,Office Supplies,South,6,11.57,0.2,6
O00509,2023-01-20,C061,Aarav Modi,Home Office,P004,Standing Mat,Furniture,Central,1,40.60,0.2,25
O00510,2023-06-26,C007,Meera Parikh,Home Office,P014,Binder,Office Supplies,Central,5,8.09,0.05,4
O00510,2023-06-26,C007,Meera Parikh,Home Office,P013,Marker Set,Office Supplies,Central,1,10.32,0,5
O00510,2023-06-26,C007,Meera Parikh,Home Office,P002,Desk,Furniture,Central,5,299.91,0,210
O00511,2023-08-14,C009,Isha Joshi,Consumer,P007,Keyboard,Technology,West,6,44.21,0.3,28
O00511,2023-08-14,C009,Isha Joshi,Consumer,P006,Monitor,Technology,West,3,251.15,0.2,180
O00512,2023-08-07,C006,Arjun Desai,Home Office,P006,Monitor,Technology,South,4,244.35,0,180
O00512,2023-08-07,C006,Arjun Desai,Home Office,P002,Desk,Furniture,South,5,305.89,0,210
O00513,2023-06-18,C057,Meera Parikh,Corporate,P010,Notebook Pack,Office Supplies,West,6,11.52,0.2,6
O00513,2023-06-18,C057,Meera Parikh,Corporate,P001,Office Chair,Furniture,West,2,118.51,0.2,80
O00514,2023-01-17,C063,Arjun Parikh,Consumer,P001,Office Chair,Furniture,South,1,116.15,0,80
O00515,2024-12-24,C037,Anaya Patel,Home Office,P012,Stapler,Office Supplies,Central,3,14.46,0,8
O00515,2024-12-24,C037,Anaya Patel,Home Office,P013,Marker Set,Office Supplies,Central,2,9.95,0.1,5
O00515,2024-12-24,C037,Anaya Patel,Home Office,P008,Headset,Technology,Central,1,80.88,0,50
O00515,2024-12-24,C037,Anaya Patel,Home Office,P003,Bookcase,Furniture,Central,4,145.20,0.1,100
O00516,2024-09-18,C012,Aarav Parikh,Home Office,P006,Monitor,Technology,East,1,243.39,0.1,180
O00516,2024-09-18,C012,Aarav Parikh,Home Office,P007,Keyboard,Technology,East,5,47.15,0.1,28
O00516,2024-09-18,C012,Aarav Parikh,Home Office,P001,Office Chair,Furniture,East,5,124.35,0,80
O00517,2024-06-03,C029,Isha Desai,Consumer,P013,Marker Set,Office Supplies,South,1,9.55,0,5
O00517,2024-06-03,C029,Isha Desai,Consumer,P011,Printer Paper,Office Supplies,South,4,25.46,0,15
O00517,2024-06-03,C029,Isha Desai,Consumer,P014,Binder,Office Supplies,South,6,7.74,0.05,4
O00517,2024-06-03,C029,Isha Desai,Consumer,P004,Standing Mat,Furniture,South,3,38.22,0,25
O00518,2023-10-09,C043,Aarav Desai,Home Office,P001,Office Chair,Furniture,East,1,116.11,0.1,80
O00518,2023-10-09,C043,Aarav Desai,Home Office,P002,Desk,Furniture,East,1,300.45,0.05,210
O00518,2023-10-09,C043,Aarav Desai,Home Office,P012,Stapler,Office Supplies,East,5,15.33,0,8
O00518,2023-10-09,C043,Aarav Desai,Home Office,P014,Binder,Office Supplies,East,2,7.86,0.1,4
O00519,2024-11-24,C030,Diya Patel,Consumer,P006,Monitor,Technology,West,6,239.95,0.2,180
O00520,2024-02-27,C026,Vihaan Parikh,Consumer,P004,Standing Mat,Furniture,Central,4,38.22,0.05,25
O00520,2024-02-27,C026,Vihaan Parikh,Consumer,P002,Desk,Furniture,Central,5,291.48,0,210
O00520,2024-02-27,C026,Vihaan Parikh,Consumer,P008,Headset,Technology,Central,3,77.42,0.05,50
O00520,2024-02-27,C026,Vihaan Parikh,Consumer,P010,Notebook Pack,Office Supplies,Central,2,11.95,0,6
O00521,2024-10-09,C026,Vihaan Parikh,Consumer,P003,Bookcase,Furniture,Central,2,143.39,0.1,100
O00521,2024-10-09,C026,Vihaan Parikh,Consumer,P001,Office Chair,Furniture,Central,4,124.22,0,80
O00521,2024-10-09,C026,Vihaan Parikh,Consumer,P012,Stapler,Office Supplies,Central,3,14.51,0.05,8
O00522,2023-08-14,C038,Arjun Mehta,Home Office,P013,Marker Set,Office Supplies,East,2,10.45,0.2,5
O00522,2023-08-14,C038,Arjun Mehta,Home Office,P014,Binder,Office Supplies,East,2,8.38,0.1,4
O00523,2023-03-30,C053,Riya Patel,Consumer,P014,Binder,Office Supplies,East,6,7.82,0.05,4
O00523,2023-03-30,C053,Riya Patel,Consumer,P004,Standing Mat,Furniture,East,2,40.94,0.05,25
O00523,2023-03-30,C053,Riya Patel,Consumer,P010,Notebook Pack,Office Supplies,East,5,11.79,0,6
O00523,2023-03-30,C053,Riya Patel,Consumer,P008,Headset,Technology,East,5,83.13,0,50
O00524,2023-06-02,C074,Riya Trivedi,Consumer,P007,Keyboard,Technology,East,4,42.93,0,28
O00525,2024-05-31,C005,Meera Bhatt,Home Office,P009,Webcam,Technology,East,1,59.97,0.05,38
O00525,2024-05-31,C005,Meera Bhatt,Home Office,P007,Keyboard,Technology,East,6,46.14,0.1,28
O00525,2024-05-31,C005,Meera Bhatt,Home Office,P008,Headset,Technology,East,2,79.25,0.2,50
O00525,2024-05-31,C005,Meera Bhatt,Home Office,P002,Desk,Furniture,East,2,295.75,0,210
O00526,2024-10-25,C003,Neel Bhatt,Consumer,P011,Printer Paper,Office Supplies,South,1,25.62,0.1,15
O00526,2024-10-25,C003,Neel Bhatt,Consumer,P005,Laptop,Technology,South,2,896.74,0.05,720
O00526,2024-10-25,C003,Neel Bhatt,Consumer,P003,Bookcase,Furniture,South,3,148.58,0.2,100
O00526,2024-10-25,C003,Neel Bhatt,Consumer,P008,Headset,Technology,South,6,79.71,0.2,50
O00527,2023-01-02,C010,Isha Shah,Consumer,P012,Stapler,Office Supplies,South,3,14.89,0,8
O00527,2023-01-02,C010,Isha Shah,Consumer,P006,Monitor,Technology,South,5,261.15,0.2,180
O00527,2023-01-02,C010,Isha Shah,Consumer,P009,Webcam,Technology,South,6,61.77,0.1,38
O00527,2023-01-02,C010,Isha Shah,Consumer,P001,Office Chair,Furniture,South,3,121.45,0,80
O00528,2023-02-26,C066,Aarav Bhatt,Consumer,P001,Office Chair,Furniture,East,1,119.58,0,80
O00528,2023-02-26,C066,Aarav Bhatt,Consumer,P002,Desk,Furniture,East,6,295.99,0,210
O00528,2023-02-26,C066,Aarav Bhatt,Consumer,P007,Keyboard,Technology,East,5,45.92,0.1,28
O00529,2024-12-27,C018,Kabir Trivedi,Corporate,P004,Standing Mat,Furniture,West,5,40.95,0.3,25
O00529,2024-12-27,C018,Kabir Trivedi,Corporate,P009,Webcam,Technology,West,2,61.52,0.2,38
O00529,2024-12-27,C018,Kabir Trivedi,Corporate,P002,Desk,Furniture,West,3,295.58,0.3,210
O00530,2024-05-30,C055,Rohan Parikh,Consumer,P001,Office Chair,Furniture,West,5,119.43,0.3,80
O00530,2024-05-30,C055,Rohan Parikh,Consumer,P002,Desk,Furniture,West,4,309.89,0.2,210
O00530,2024-05-30,C055,Rohan Parikh,Consumer,P006,Monitor,Technology,West,5,254.46,0.2,180
O00531,2023-10-12,C009,Isha Joshi,Consumer,P008,Headset,Technology,West,2,79.13,0.1,50
O00531,2023-10-12,C009,Isha Joshi,Consumer,P002,Desk,Furniture,West,1,313.75,0.3,210
O00532,2023-04-22,C022,Neel Bhatt,Consumer,P002,Desk,Furniture,Central,2,289.51,0.05,210
O00532,2023-04-22,C022,Neel Bhatt,Consumer,P012,Stapler,Office Supplies,Central,1,15.68,0.1,8
O00532,2023-04-22,C022,Neel Bhatt,Consumer,P003,Bookcase,Furniture,Central,6,148.75,0,100
O00533,2024-07-08,C017,Vihaan Joshi,Corporate,P006,Monitor,Technology,Central,1,244.79,0,180
O00533,2024-07-08,C017,Vihaan Joshi,Corporate,P007,Keyboard,Technology,Central,2,46.67,0,28
O00533,2024-07-08,C017,Vihaan Joshi,Corporate,P008,Headset,Technology,Central,4,81.16,0.1,50
O00533,2024-07-08,C017,Vihaan Joshi,Corporate,P011,Printer Paper,Office Supplies,Central,6,24.61,0.1,15
O00534,2023-12-22,C068,Anaya Desai,Corporate,P008,Headset,Technology,East,3,77.37,0,50
O00534,2023-12-22,C068,Anaya Desai,Corporate,P005,Laptop,Technology,East,3,898.58,0,720
O00534,2023-12-22,C068,Anaya Desai,Corporate,P010,Notebook Pack,Office Supplies,East,3,11.58,0,6
O00534,2023-12-22,C068,Anaya Desai,Corporate,P003,Bookcase,Furniture,East,5,156.84,0.05,100
O00535,2023-06-14,C069,Kabir Modi,Consumer,P003,Bookcase,Furniture,South,2,156.07,0.2,100
O00535,2023-06-14,C069,Kabir Modi,Consumer,P014,Binder,Office Supplies,South,1,7.79,0,4
O00535,2023-06-14,C069,Kabir Modi,Consumer,P012,Stapler,Office Supplies,South,4,15.11,0,8
O00536,2023-09-24,C048,Riya Joshi,Corporate,P004,Standing Mat,Furniture,Central,3,38.14,0.2,25
O00536,2023-09-24,C048,Riya Joshi,Corporate,P009,Webcam,Technology,Central,4,57.89,0,38
O00537,2024-07-06,C021,Kabir Parikh,Corporate,P002,Desk,Furniture,Central,4,308.06,0.05,210
O00537,2024-07-06,C021,Kabir Parikh,Corporate,P001,Office Chair,Furniture,Central,6,115.87,0,80
O00537,2024-07-06,C021,Kabir Parikh,Corporate,P007,Keyboard,Technology,Central,3,47.14,0.1,28
O00538,2024-10-24,C061,Aarav Modi,Home Office,P013,Marker Set,Office Supplies,Central,6,10.30,0,5
O00538,2024-10-24,C061,Aarav Modi,Home Office,P010,Notebook Pack,Office Supplies,Central,1,11.81,0.05,6
O00538,2024-10-24,C061,Aarav Modi,Home Office,P011,Printer Paper,Office Supplies,Central,1,24.95,0.2,15
O00539,2023-05-23,C071,Riya Bhatt,Home Office,P005,Laptop,Technology,South,2,891.15,0,720
O00540,2024-04-01,C046,Rohan Bhatt,Home Office,P006,Monitor,Technology,South,2,252.70,0,180
O00541,2024-08-20,C068,Anaya Desai,Corporate,P013,Marker Set,Office Supplies,East,1,9.70,0,5
O00541,2024-08-20,C068,Anaya Desai,Corporate,P014,Binder,Office Supplies,East,6,8.28,0.1,4
O00542,2024-11-18,C066,Aarav Bhatt,Consumer,P004,Standing Mat,Furniture,East,1,40.05,0.1,25
O00542,2024-11-18,C066,Aarav Bhatt,Consumer,P008,Headset,Technology,East,2,78.89,0.2,50
O00542,2024-11-18,C066,Aarav Bhatt,Consumer,P006,Monitor,Technology,East,3,258.85,0.2,180
O00542,2024-11-18,C066,Aarav Bhatt,Consumer,P010,Notebook Pack,Office Supplies,East,3,11.85,0.05,6
O00543,2023-12-15,C072,Kabir Desai,Corporate,P004,Standing Mat,Furniture,West,4,40.97,0.3,25
O00544,2024-03-29,C037,Anaya Patel,Home Office,P013,Marker Set,Office Supplies,Central,4,10.23,0.05,5
O00544,2024-03-29,C037,Anaya Patel,Home Office,P012,Stapler,Office Supplies,Central,5,15.50,0,8
O00545,2023-03-30,C019,Neel Joshi,Home Office,P005,Laptop,Technology,East,1,943.80,0.1,720
O00545,2023-03-30,C019,Neel Joshi,Home Office,P008,Headset,Technology,East,1,82.05,0.1,50
O00546,2023-01-07,C053,Riya Patel,Consumer,P007,Keyboard,Technology,East,2,45.95,0.05,28
O00546,2023-01-07,C053,Riya Patel,Consumer,P003,Bookcase,Furniture,East,4,145.29,0,100
O00546,2023-01-07,C053,Riya Patel,Consumer,P009,Webcam,Technology,East,1,60.32,0,38
O00547,2023-11-06,C039,Neel Joshi,Home Office,P009,Webcam,Technology,West,2,61.75,0.1,38
O00547,2023-11-06,C039,Neel Joshi,Home Office,P012,Stapler,Office Supplies,West,6,14.70,0.3,8
O00547,2023-11-06,C039,Neel Joshi,Home Office,P008,Headset,Technology,West,6,76.99,0.3,50
O00547,2023-11-06,C039,Neel Joshi,Home Office,P004,Standing Mat,Furniture,West,4,39.67,0.3,25
O00548,2024-12-05,C004,Aarav Patel,Consumer,P013,Marker Set,Office Supplies,West,1,9.99,0.3,5
O00549,2024-09-05,C047,Meera Bhatt,Home Office,P010,Notebook Pack,Office Supplies,West,1,12.57,0.3,6
O00549,2024-09-05,C047,Meera Bhatt,Home Office,P007,Keyboard,Technology,West,5,45.06,0.3,28
O00549,2024-09-05,C047,Meera Bhatt,Home Office,P005,Laptop,Technology,West,2,931.08,0.1,720
O00549,2024-09-05,C047,Meera Bhatt,Home Office,P011,Printer Paper,Office Supplies,West,3,23.90,0.2,15
O00550,2024-04-17,C018,Kabir Trivedi,Corporate,P003,Bookcase,Furniture,West,3,148.79,0.3,100
O00550,2024-04-17,C018,Kabir Trivedi,Corporate,P001,Office Chair,Furniture,West,5,117.48,0.1,80
O00550,2024-04-17,C018,Kabir Trivedi,Corporate,P005,Laptop,Technology,West,6,901.25,0.1,720
O00551,2023-07-07,C013,Vihaan Shah,Home Office,P009,Webcam,Technology,Central,6,61.96,0,38
O00551,2023-07-07,C013,Vihaan Shah,Home Office,P006,Monitor,Technology,Central,6,244.29,0,180
O00552,2024-12-18,C075,Sara Parikh,Home Office,P014,Binder,Office Supplies,West,3,8.01,0.2,4
O00552,2024-12-18,C075,Sara Parikh,Home Office,P003,Bookcase,Furniture,West,2,148.68,0.3,100
O00552,2024-12-18,C075,Sara Parikh,Home Office,P001,Office Chair,Furniture,West,5,116.61,0.1,80
O00553,2023-08-15,C025,Sara Trivedi,Consumer,P007,Keyboard,Technology,South,1,46.87,0.05,28
O00554,2023-05-15,C003,Neel Bhatt,Consumer,P006,Monitor,Technology,South,5,257.93,0,180
O00554,2023-05-15,C003,Neel Bhatt,Consumer,P005,Laptop,Technology,South,3,923.72,0.1,720
O00554,2023-05-15,C003,Neel Bhatt,Consumer,P012,Stapler,Office Supplies,South,1,15.31,0,8
O00554,2023-05-15,C003,Neel Bhatt,Consumer,P014,Binder,Office Supplies,South,2,8.25,0.2,4
O00555,2023-05-12,C019,Neel Joshi,Home Office,P005,Laptop,Technology,East,1,866.72,0,720
O00555,2023-05-12,C019,Neel Joshi,Home Office,P003,Bookcase,Furniture,East,1,152.86,0.05,100
O00556,2023-03-21,C003,Neel Bhatt,Consumer,P013,Marker Set,Office Supplies,South,6,9.53,0,5
O00556,2023-03-21,C003,Neel Bhatt,Consumer,P007,Keyboard,Technology,South,4,45.42,0.1,28
O00556,2023-03-21,C003,Neel Bhatt,Consumer,P001,Office Chair,Furniture,South,1,124.90,0,80
O00556,2023-03-21,C003,Neel Bhatt,Consumer,P004,Standing Mat,Furniture,South,1,39.21,0,25
O00557,2023-04-09,C016,Rohan Shah,Consumer,P010,Notebook Pack,Office Supplies,East,1,12.20,0,6
O00557,2023-04-09,C016,Rohan Shah,Consumer,P004,Standing Mat,Furniture,East,6,38.58,0,25
O00558,2023-10-12,C045,Kabir Parikh,Home Office,P003,Bookcase,Furniture,West,5,146.13,0.2,100
O00558,2023-10-12,C045,Kabir Parikh,Home Office,P009,Webcam,Technology,West,5,57.59,0.1,38
O00558,2023-10-12,C045,Kabir Parikh,Home Office,P012,Stapler,Office Supplies,West,6,15.04,0.1,8
O00559,2023-07-16,C037,Anaya Patel,Home Office,P013,Marker Set,Office Supplies,Central,1,10.47,0,5
O00559,2023-07-16,C037,Anaya Patel,Home Office,P009,Webcam,Technology,Central,6,62.52,0,38
O00560,2024-05-01,C047,Meera Bhatt,Home Office,P008,Headset,Technology,West,3,77.45,0.1,50
O00560,2024-05-01,C047,Meera Bhatt,Home Office,P011,Printer Paper,Office Supplies,West,5,24.81,0.3,15
O00561,2023-08-22,C053,Riya Patel,Consumer,P013,Marker Set,Office Supplies,East,1,9.62,0,5
O00562,2024-06-16,C018,Kabir Trivedi,Corporate,P013,Marker Set,Office Supplies,West,1,10.22,0.2,5
O00562,2024-06-16,C018,Kabir Trivedi,Corporate,P006,Monitor,Technology,West,4,249.84,0.3,180
O00562,2024-06-16,C018,Kabir Trivedi,Corporate,P012,Stapler,Office Supplies,West,6,14.94,0.3,8
O00562,2024-06-16,C018,Kabir Trivedi,Corporate,P005,Laptop,Technology,West,4,916.83,0.3,720
O00563,2023-08-20,C071,Riya Bhatt,Home Office,P005,Laptop,Technology,South,3,939.52,0.05,720
O00563,2023-08-20,C071,Riya Bhatt,Home Office,P007,Keyboard,Technology,South,6,42.81,0,28
O00563,2023-08-20,C071,Riya Bhatt,Home Office,P004,Standing Mat,Furniture,South,4,40.69,0.05,25
O00563,2023-08-20,C071,Riya Bhatt,Home Office,P002,Desk,Furniture,South,6,300.68,0.05,210
O00564,2023-03-29,C016,Rohan Shah,Consumer,P007,Keyboard,Technology,East,1,45.41,0.2,28
O00564,2023-03-29,C016,Rohan Shah,Consumer,P014,Binder,Office Supplies,East,2,8.34,0.2,4
O00565,2023-03-08,C047,Meera Bhatt,Home Office,P006,Monitor,Technology,West,4,258.60,0.2,180
O00565,2023-03-08,C047,Meera Bhatt,Home Office,P004,Standing Mat,Furniture,West,4,38.93,0.1,25
O00566,2024-05-26,C036,Diya Joshi,Corporate,P013,Marker Set,Office Supplies,West,6,9.86,0.3,5
O00566,2024-05-26,C036,Diya Joshi,Corporate,P014,Binder,Office Supplies,West,4,8.36,0.2,4
O00566,2024-05-26,C036,Diya Joshi,Corporate,P011,Printer Paper,Office Supplies,West,4,24.45,0.2,15
O00567,2023-04-21,C016,Rohan Shah,Consumer,P008,Headset,Technology,East,1,83.54,0.2,50
O00567,2023-04-21,C016,Rohan Shah,Consumer,P014,Binder,Office Supplies,East,1,8.19,0,4
O00567,2023-04-21,C016,Rohan Shah,Consumer,P004,Standing Mat,Furniture,East,2,40.71,0.05,25
O00568,2024-01-27,C078,Vihaan Shah,Home Office,P003,Bookcase,Furniture,West,1,143.95,0.2,100
O00568,2024-01-27,C078,Vihaan Shah,Home Office,P005,Laptop,Technology,West,4,924.08,0.2,720
O00568,2024-01-27,C078,Vihaan Shah,Home Office,P010,Notebook Pack,Office Supplies,West,4,11.75,0.2,6
O00569,2024-05-17,C065,Diya Parikh,Home Office,P009,Webcam,Technology,East,1,57.11,0.1,38
O00569,2024-05-17,C065,Diya Parikh,Home Office,P006,Monitor,Technology,East,1,259.50,0.05,180
O00569,2024-05-17,C065,Diya Parikh,Home Office,P014,Binder,Office Supplies,East,4,7.96,0.05,4
O00570,2024-03-29,C059,Isha Modi,Corporate,P001,Office Chair,Furniture,South,3,120.68,0,80
O00571,2024-12-14,C018,Kabir Trivedi,Corporate,P012,Stapler,Office Supplies,West,4,15.10,0.1,8
O00571,2024-12-14,C018,Kabir Trivedi,Corporate,P007,Keyboard,Technology,West,5,45.83,0.2,28
O00571,2024-12-14,C018,Kabir Trivedi,Corporate,P008,Headset,Technology,West,2,79.81,0.3,50
O00572,2024-06-02,C008,Aarav Mehta,Home Office,P005,Laptop,Technology,South,3,915.88,0.1,720
O00572,2024-06-02,C008,Aarav Mehta,Home Office,P008,Headset,Technology,South,5,76.49,0,50
O00572,2024-06-02,C008,Aarav Mehta,Home Office,P010,Notebook Pack,Office Supplies,South,3,11.55,0,6
O00572,2024-06-02,C008,Aarav Mehta,Home Office,P007,Keyboard,Technology,South,5,46.39,0,28
O00573,2023-01-28,C044,Diya Parikh,Consumer,P002,Desk,Furniture,West,6,295.54,0.3,210
O00573,2023-01-28,C044,Diya Parikh,Consumer,P007,Keyboard,Technology,West,6,43.86,0.2,28
O00573,2023-01-28,C044,Diya Parikh,Consumer,P006,Monitor,Technology,West,6,252.31,0.3,180
O00573,2023-01-28,C044,Diya Parikh,Consumer,P012,Stapler,Office Supplies,West,1,15.55,0.1,8
O00574,2023-12-18,C042,Diya Trivedi,Corporate,P008,Headset,Technology,West,4,80.54,0.3,50
O00575,2023-10-16,C076,Aarav Bhatt,Consumer,P006,Monitor,Technology,West,3,251.76,0.3,180
O00576,2024-08-09,C013,Vihaan Shah,Home Office,P002,Desk,Furniture,Central,6,299.90,0,210
O00576,2024-08-09,C013,Vihaan Shah,Home Office,P012,Stapler,Office Supplies,Central,3,14.50,0,8
O00576,2024-08-09,C013,Vihaan Shah,Home Office,P011,Printer Paper,Office Supplies,Central,2,26.17,0,15
O00576,2024-08-09,C013,Vihaan Shah,Home Office,P004,Standing Mat,Furniture,Central,1,40.54,0.05,25
O00577,2024-07-02,C028,Riya Thakkar,Corporate,P005,Laptop,Technology,South,2,891.18,0.1,720
O00577,2024-07-02,C028,Riya Thakkar,Corporate,P001,Office Chair,Furniture,South,1,122.91,0.1,80
O00577,2024-07-02,C028,Riya Thakkar,Corporate,P014,Binder,Office Supplies,South,1,8.28,0.2,4
O00578,2024-08-29,C044,Diya Parikh,Consumer,P002,Desk,Furniture,West,3,297.81,0.3,210
O00578,2024-08-29,C044,Diya Parikh,Consumer,P010,Notebook Pack,Office Supplies,West,3,12.18,0.1,6
O00578,2024-08-29,C044,Diya Parikh,Consumer,P009,Webcam,Technology,West,4,61.82,0.2,38
O00579,2024-11-10,C026,Vihaan Parikh,Consumer,P007,Keyboard,Technology,Central,5,45.77,0.05,28
O00579,2024-11-10,C026,Vihaan Parikh,Consumer,P005,Laptop,Technology,Central,6,934.28,0,720
O00579,2024-11-10,C026,Vihaan Parikh,Consumer,P010,Notebook Pack,Office Supplies,Central,2,12.02,0.2,6
O00579,2024-11-10,C026,Vihaan Parikh,Consumer,P009,Webcam,Technology,Central,6,60.00,0.1,38
O00580,2024-04-23,C035,Neel Bhatt,Corporate,P010,Notebook Pack,Office Supplies,Central,4,11.64,0.1,6
O00580,2024-04-23,C035,Neel Bhatt,Corporate,P012,Stapler,Office Supplies,Central,6,14.61,0,8
O00580,2024-04-23,C035,Neel Bhatt,Corporate,P011,Printer Paper,Office Supplies,Central,4,25.66,0.2,15
O00580,2024-04-23,C035,Neel Bhatt,Corporate,P001,Office Chair,Furniture,Central,1,117.82,0.05,80
O00581,2024-10-14,C035,Neel Bhatt,Corporate,P011,Printer Paper,Office Supplies,Central,4,25.25,0.2,15
O00581,2024-10-14,C035,Neel Bhatt,Corporate,P003,Bookcase,Furniture,Central,2,144.20,0,100
O00581,2024-10-14,C035,Neel Bhatt,Corporate,P005,Laptop,Technology,Central,3,877.10,0,720
O00582,2024-04-20,C063,Arjun Parikh,Consumer,P007,Keyboard,Technology,South,1,43.98,0,28
O00582,2024-04-20,C063,Arjun Parikh,Consumer,P011,Printer Paper,Office Supplies,South,3,25.72,0,15
O00582,2024-04-20,C063,Arjun Parikh,Consumer,P001,Office Chair,Furniture,South,6,120.61,0.2,80
O00582,2024-04-20,C063,Arjun Parikh,Consumer,P004,Standing Mat,Furniture,South,4,41.86,0,25
O00583,2023-01-21,C008,Aarav Mehta,Home Office,P006,Monitor,Technology,South,1,244.95,0.1,180
O00584,2024-02-21,C047,Meera Bhatt,Home Office,P007,Keyboard,Technology,West,5,43.81,0.2,28
O00585,2024-05-27,C016,Rohan Shah,Consumer,P008,Headset,Technology,East,3,76.98,0.1,50
O00585,2024-05-27,C016,Rohan Shah,Consumer,P002,Desk,Furniture,East,6,309.97,0,210
O00585,2024-05-27,C016,Rohan Shah,Consumer,P004,Standing Mat,Furniture,East,6,41.22,0.05,25
O00586,2023-08-30,C055,Rohan Parikh,Consumer,P003,Bookcase,Furniture,West,3,145.71,0.2,100
O00586,2023-08-30,C055,Rohan Parikh,Consumer,P002,Desk,Furniture,West,5,297.25,0.3,210
O00587,2023-02-27,C063,Arjun Parikh,Consumer,P012,Stapler,Office Supplies,South,6,14.89,0.1,8
O00587,2023-02-27,C063,Arjun Parikh,Consumer,P002,Desk,Furniture,South,2,313.90,0,210
O00587,2023-02-27,C063,Arjun Parikh,Consumer,P006,Monitor,Technology,South,3,249.38,0,180
O00588,2023-11-20,C005,Meera Bhatt,Home Office,P012,Stapler,Office Supplies,East,5,14.61,0.2,8
O00589,2024-01-29,C040,Kabir Trivedi,Consumer,P013,Marker Set,Office Supplies,East,4,10.37,0.1,5
O00589,2024-01-29,C040,Kabir Trivedi,Consumer,P011,Printer Paper,Office Supplies,East,4,23.77,0.05,15
O00589,2024-01-29,C040,Kabir Trivedi,Consumer,P002,Desk,Furniture,East,2,294.03,0,210
O00590,2023-11-06,C057,Meera Parikh,Corporate,P013,Marker Set,Office Supplies,West,3,10.29,0.3,5
O00590,2023-11-06,C057,Meera Parikh,Corporate,P014,Binder,Office Supplies,West,4,8.26,0.1,4
O00590,2023-11-06,C057,Meera Parikh,Corporate,P011,Printer Paper,Office Supplies,West,3,25.59,0.3,15
O00591,2024-03-08,C013,Vihaan Shah,Home Office,P012,Stapler,Office Supplies,Central,4,14.35,0.1,8
O00591,2024-03-08,C013,Vihaan Shah,Home Office,P005,Laptop,Technology,Central,5,920.63,0.1,720
O00592,2023-12-01,C007,Meera Parikh,Home Office,P011,Printer Paper,Office Supplies,Central,4,24.09,0.2,15
O00592,2023-12-01,C007,Meera Parikh,Home Office,P008,Headset,Technology,Central,3,81.03,0,50
O00593,2024-08-12,C011,Diya Trivedi,Corporate,P003,Bookcase,Furniture,Central,6,150.25,0,100
O00594,2023-05-14,C077,Diya Thakkar,Consumer,P013,Marker Set,Office Supplies,West,6,9.76,0.2,5
O00594,2023-05-14,C077,Diya Thakkar,Consumer,P006,Monitor,Technology,West,3,258.17,0.2,180
O00594,2023-05-14,C077,Diya Thakkar,Consumer,P008,Headset,Technology,West,3,76.68,0.2,50
O00594,2023-05-14,C077,Diya Thakkar,Consumer,P012,Stapler,Office Supplies,West,4,14.84,0.2,8
O00595,2024-08-07,C029,Isha Desai,Consumer,P001,Office Chair,Furniture,South,6,121.77,0.1,80
O00596,2023-08-23,C012,Aarav Parikh,Home Office,P004,Standing Mat,Furniture,East,4,39.60,0,25
O00596,2023-08-23,C012,Aarav Parikh,Home Office,P005,Laptop,Technology,East,1,878.41,0.1,720
O00596,2023-08-23,C012,Aarav Parikh,Home Office,P012,Stapler,Office Supplies,East,5,14.51,0,8
O00596,2023-08-23,C012,Aarav Parikh,Home Office,P003,Bookcase,Furniture,East,5,142.71,0,100
O00597,2024-03-21,C059,Isha Modi,Corporate,P002,Desk,Furniture,South,3,313.38,0,210
O00597,2024-03-21,C059,Isha Modi,Corporate,P004,Standing Mat,Furniture,South,4,40.99,0,25
O00597,2024-03-21,C059,Isha Modi,Corporate,P012,Stapler,Office Supplies,South,2,14.90,0,8
O00597,2024-03-21,C059,Isha Modi,Corporate,P013,Marker Set,Office Supplies,South,3,9.72,0.1,5
O00598,2024-11-06,C053,Riya Patel,Consumer,P001,Office Chair,Furniture,East,4,116.83,0,80
O00598,2024-11-06,C053,Riya Patel,Consumer,P005,Laptop,Technology,East,6,888.27,0,720
O00599,2024-10-01,C061,Aarav Modi,Home Office,P014,Binder,Office Supplies,Central,2,7.92,0.2,4
O00599,2024-10-01,C061,Aarav Modi,Home Office,P006,Monitor,Technology,Central,4,247.09,0.2,180
O00600,2024-09-03,C033,Sara Parikh,Home Office,P002,Desk,Furniture,Central,3,286.76,0.1,210
O00601,2023-08-29,C061,Aarav Modi,Home Office,P010,Notebook Pack,Office Supplies,Central,1,12.30,0.2,6
O00601,2023-08-29,C061,Aarav Modi,Home Office,P011,Printer Paper,Office Supplies,Central,5,24.38,0,15
O00601,2023-08-29,C061,Aarav Modi,Home Office,P014,Binder,Office Supplies,Central,4,7.84,0.05,4
O00602,2024-11-18,C006,Arjun Desai,Home Office,P005,Laptop,Technology,South,3,899.36,0.1,720
O00602,2024-11-18,C006,Arjun Desai,Home Office,P003,Bookcase,Furniture,South,3,144.48,0.05,100
O00603,2024-12-28,C019,Neel Joshi,Home Office,P002,Desk,Furniture,East,3,299.98,0,210
O00603,2024-12-28,C019,Neel Joshi,Home Office,P006,Monitor,Technology,East,4,246.51,0.2,180
O00603,2024-12-28,C019,Neel Joshi,Home Office,P001,Office Chair,Furniture,East,3,124.83,0,80
O00604,2024-09-19,C034,Arjun Patel,Home Office,P007,Keyboard,Technology,East,2,47.23,0.2,28
O00604,2024-09-19,C034,Arjun Patel,Home Office,P003,Bookcase,Furniture,East,6,155.30,0.1,100
O00604,2024-09-19,C034,Arjun Patel,Home Office,P006,Monitor,Technology,East,1,257.46,0.2,180
O00605,2023-07-13,C020,Sara Mehta,Home Office,P004,Standing Mat,Furniture,West,3,38.14,0.2,25
O00606,2023-06-17,C060,Riya Patel,Home Office,P002,Desk,Furniture,East,5,314.66,0,210
O00606,2023-06-17,C060,Riya Patel,Home Office,P008,Headset,Technology,East,1,79.66,0.05,50
O00606,2023-06-17,C060,Riya Patel,Home Office,P001,Office Chair,Furniture,East,1,124.40,0.2,80
O00606,2023-06-17,C060,Riya Patel,Home Office,P013,Marker Set,Office Supplies,East,3,9.59,0,5
O00607,2023-07-04,C022,Neel Bhatt,Consumer,P010,Notebook Pack,Office Supplies,Central,1,12.10,0,6
O00607,2023-07-04,C022,Neel Bhatt,Consumer,P011,Printer Paper,Office Supplies,Central,2,25.67,0.1,15
O00607,2023-07-04,C022,Neel Bhatt,Consumer,P014,Binder,Office Supplies,Central,2,8.34,0.05,4
O00608,2024-05-25,C013,Vihaan Shah,Home Office,P001,Office Chair,Furniture,Central,3,115.46,0.2,80
O00608,2024-05-25,C013,Vihaan Shah,Home Office,P005,Laptop,Technology,Central,1,938.62,0.1,720
O00608,2024-05-25,C013,Vihaan Shah,Home Office,P011,Printer Paper,Office Supplies,Central,1,24.13,0,15
O00609,2024-04-16,C062,Diya Desai,Consumer,P011,Printer Paper,Office Supplies,West,1,24.57,0.1,15
O00609,2024-04-16,C062,Diya Desai,Consumer,P005,Laptop,Technology,West,3,940.58,0.2,720
O00609,2024-04-16,C062,Diya Desai,Consumer,P010,Notebook Pack,Office Supplies,West,1,11.56,0.2,6
O00609,2024-04-16,C062,Diya Desai,Consumer,P014,Binder,Office Supplies,West,1,7.86,0.3,4
O00610,2023-03-14,C071,Riya Bhatt,Home Office,P002,Desk,Furniture,South,4,313.95,0,210
O00610,2023-03-14,C071,Riya Bhatt,Home Office,P007,Keyboard,Technology,South,2,42.84,0,28
O00610,2023-03-14,C071,Riya Bhatt,Home Office,P005,Laptop,Technology,South,4,889.97,0,720
O00610,2023-03-14,C071,Riya Bhatt,Home Office,P003,Bookcase,Furniture,South,6,152.21,0,100
O00611,2023-06-07,C016,Rohan Shah,Consumer,P008,Headset,Technology,East,3,82.45,0.2,50
O00611,2023-06-07,C016,Rohan Shah,Consumer,P013,Marker Set,Office Supplies,East,3,10.10,0.2,5
O00611,2023-06-07,C016,Rohan Shah,Consumer,P007,Keyboard,Technology,East,3,43.18,0.2,28
O00612,2024-06-08,C026,Vihaan Parikh,Consumer,P008,Headset,Technology,Central,1,80.80,0.1,50
O00612,2024-06-08,C026,Vihaan Parikh,Consumer,P007,Keyboard,Technology,Central,5,46.40,0.05,28
O00612,2024-06-08,C026,Vihaan Parikh,Consumer,P014,Binder,Office Supplies,Central,4,7.95,0,4
O00612,2024-06-08,C026,Vihaan Parikh,Consumer,P005,Laptop,Technology,Central,3,858.64,0,720
O00613,2024-04-19,C029,Isha Desai,Consumer,P008,Headset,Technology,South,1,81.18,0.2,50
O00613,2024-04-19,C029,Isha Desai,Consumer,P009,Webcam,Technology,South,1,59.81,0,38
O00614,2024-05-04,C039,Neel Joshi,Home Office,P003,Bookcase,Furniture,West,5,155.12,0.3,100
O00614,2024-05-04,C039,Neel Joshi,Home Office,P011,Printer Paper,Office Supplies,West,1,24.49,0.3,15
O00615,2024-07-18,C010,Isha Shah,Consumer,P009,Webcam,Technology,South,4,60.06,0,38
O00616,2023-04-07,C060,Riya Patel,Home Office,P006,Monitor,Technology,East,1,256.72,0,180
O00616,2023-04-07,C060,Riya Patel,Home Office,P005,Laptop,Technology,East,4,921.65,0,720
O00616,2023-04-07,C060,Riya Patel,Home Office,P010,Notebook Pack,Office Supplies,East,4,12.34,0,6
O00617,2023-02-16,C011,Diya Trivedi,Corporate,P012,Stapler,Office Supplies,Central,6,14.93,0.2,8
O00617,2023-02-16,C011,Diya Trivedi,Corporate,P005,Laptop,Technology,Central,3,911.14,0.05,720
O00617,2023-02-16,C011,Diya Trivedi,Corporate,P006,Monitor,Technology,Central,2,261.67,0,180
O00617,2023-02-16,C011,Diya Trivedi,Corporate,P010,Notebook Pack,Office Supplies,Central,6,11.62,0,6
O00618,2024-09-10,C034,Arjun Patel,Home Office,P007,Keyboard,Technology,East,4,42.83,0.1,28
O00619,2023-04-30,C002,Meera Desai,Consumer,P011,Printer Paper,Office Supplies,East,6,25.48,0.05,15
O00619,2023-04-30,C002,Meera Desai,Consumer,P008,Headset,Technology,East,4,80.82,0.2,50
O00620,2023-11-07,C079,Sara Thakkar,Consumer,P012,Stapler,Office Supplies,East,3,14.84,0.2,8
O00620,2023-11-07,C079,Sara Thakkar,Consumer,P011,Printer Paper,Office Supplies,East,1,24.06,0,15
O00620,2023-11-07,C079,Sara Thakkar,Consumer,P014,Binder,Office Supplies,East,1,7.69,0,4
O00621,2024-12-13,C004,Aarav Patel,Consumer,P008,Headset,Technology,West,4,81.20,0.2,50
O00621,2024-12-13,C004,Aarav Patel,Consumer,P011,Printer Paper,Office Supplies,West,3,24.23,0.2,15
O00622,2024-04-19,C019,Neel Joshi,Home Office,P007,Keyboard,Technology,East,4,46.07,0,28
O00622,2024-04-19,C019,Neel Joshi,Home Office,P001,Office Chair,Furniture,East,4,119.66,0.05,80
O00622,2024-04-19,C019,Neel Joshi,Home Office,P002,Desk,Furniture,East,3,292.28,0.1,210
O00622,2024-04-19,C019,Neel Joshi,Home Office,P003,Bookcase,Furniture,East,4,154.94,0.1,100
O00623,2023-02-22,C043,Aarav Desai,Home Office,P002,Desk,Furniture,East,4,310.43,0.2,210
O00624,2024-03-01,C064,Kabir Joshi,Corporate,P001,Office Chair,Furniture,West,6,120.16,0.3,80
O00624,2024-03-01,C064,Kabir Joshi,Corporate,P008,Headset,Technology,West,4,83.48,0.2,50
O00624,2024-03-01,C064,Kabir Joshi,Corporate,P007,Keyboard,Technology,West,5,45.96,0.2,28
O00625,2023-01-20,C055,Rohan Parikh,Consumer,P009,Webcam,Technology,West,1,62.33,0.3,38
O00625,2023-01-20,C055,Rohan Parikh,Consumer,P002,Desk,Furniture,West,6,303.68,0.3,210
O00625,2023-01-20,C055,Rohan Parikh,Consumer,P005,Laptop,Technology,West,4,895.35,0.3,720
O00626,2023-01-22,C021,Kabir Parikh,Corporate,P012,Stapler,Office Supplies,Central,5,14.91,0,8
O00626,2023-01-22,C021,Kabir Parikh,Corporate,P004,Standing Mat,Furniture,Central,6,40.35,0,25
O00626,2023-01-22,C021,Kabir Parikh,Corporate,P008,Headset,Technology,Central,6,83.37,0,50
O00627,2024-11-10,C050,Meera Desai,Consumer,P014,Binder,Office Supplies,Central,2,8.24,0.05,4
O00627,2024-11-10,C050,Meera Desai,Consumer,P011,Printer Paper,Office Supplies,Central,6,24.27,0.1,15
O00627,2024-11-10,C050,Meera Desai,Consumer,P013,Marker Set,Office Supplies,Central,4,9.59,0.2,5
O00627,2024-11-10,C050,Meera Desai,Consumer,P006,Monitor,Technology,Central,2,241.83,0,180
O00628,2024-09-12,C063,Arjun Parikh,Consumer,P013,Marker Set,Office Supplies,South,4,10.44,0.05,5
O00629,2023-11-18,C007,Meera Parikh,Home Office,P006,Monitor,Technology,Central,2,246.43,0,180
O00630,2023-06-28,C065,Diya Parikh,Home Office,P013,Marker Set,Office Supplies,East,1,9.84,0,5
O00631,2024-09-24,C030,Diya Patel,Consumer,P009,Webcam,Technology,West,3,59.92,0.2,38
O00632,2023-12-30,C072,Kabir Desai,Corporate,P003,Bookcase,Furniture,West,6,152.54,0.2,100
O00632,2023-12-30,C072,Kabir Desai,Corporate,P012,Stapler,Office Supplies,West,4,15.64,0.1,8
O00632,2023-12-30,C072,Kabir Desai,Corporate,P009,Webcam,Technology,West,1,62.78,0.3,38
O00633,2023-04-19,C079,Sara Thakkar,Consumer,P014,Binder,Office Supplies,East,1,7.63,0.1,4
O00634,2023-06-21,C016,Rohan Shah,Consumer,P006,Monitor,Technology,East,4,244.80,0.2,180
O00634,2023-06-21,C016,Rohan Shah,Consumer,P003,Bookcase,Furniture,East,1,149.98,0.1,100
O00635,2023-06-07,C047,Meera Bhatt,Home Office,P014,Binder,Office Supplies,West,4,7.95,0.2,4
O00635,2023-06-07,C047,Meera Bhatt,Home Office,P003,Bookcase,Furniture,West,4,146.18,0.1,100
O00635,2023-06-07,C047,Meera Bhatt,Home Office,P002,Desk,Furniture,West,2,293.60,0.3,210
O00636,2023-03-29,C035,Neel Bhatt,Corporate,P012,Stapler,Office Supplies,Central,2,15.19,0,8
O00636,2023-03-29,C035,Neel Bhatt,Corporate,P013,Marker Set,Office Supplies,Central,5,10.25,0,5
O00636,2023-03-29,C035,Neel Bhatt,Corporate,P007,Keyboard,Technology,Central,2,46.29,0.05,28
O00637,2024-03-15,C053,Riya Patel,Consumer,P008,Headset,Technology,East,1,79.54,0,50
O00637,2024-03-15,C053,Riya Patel,Consumer,P009,Webcam,Technology,East,1,61.84,0.2,38
O00637,2024-03-15,C053,Riya Patel,Consumer,P011,Printer Paper,Office Supplies,East,4,24.60,0,15
O00637,2024-03-15,C053,Riya Patel,Consumer,P006,Monitor,Technology,East,4,248.35,0,180
O00638,2023-02-07,C020,Sara Mehta,Home Office,P011,Printer Paper,Office Supplies,West,4,26.18,0.2,15
O00639,2024-02-16,C071,Riya Bhatt,Home Office,P012,Stapler,Office Supplies,South,3,14.26,0,8
O00639,2024-02-16,C071,Riya Bhatt,Home Office,P014,Binder,Office Supplies,South,2,8.09,0.1,4
O00639,2024-02-16,C071,Riya Bhatt,Home Office,P006,Monitor,Technology,South,6,247.60,0.2,180
O00640,2023-07-30,C070,Rohan Parikh,Corporate,P012,Stapler,Office Supplies,South,1,15.57,0,8
O00640,2023-07-30,C070,Rohan Parikh,Corporate,P006,Monitor,Technology,South,4,250.94,0,180
O00640,2023-07-30,C070,Rohan Parikh,Corporate,P011,Printer Paper,Office Supplies,South,2,25.55,0.2,15
O00640,2023-07-30,C070,Rohan Parikh,Corporate,P007,Keyboard,Technology,South,3,47.21,0.1,28
O00641,2023-08-07,C012,Aarav Parikh,Home Office,P009,Webcam,Technology,East,5,57.14,0,38
O00641,2023-08-07,C012,Aarav Parikh,Home Office,P006,Monitor,Technology,East,3,243.97,0.1,180
O00641,2023-08-07,C012,Aarav Parikh,Home Office,P011,Printer Paper,Office Supplies,East,5,24.81,0.2,15
O00642,2023-04-24,C008,Aarav Mehta,Home Office,P005,Laptop,Technology,South,6,866.14,0,720
O00642,2023-04-24,C008,Aarav Mehta,Home Office,P011,Printer Paper,Office Supplies,South,5,24.87,0,15
O00642,2023-04-24,C008,Aarav Mehta,Home Office,P009,Webcam,Technology,South,3,57.03,0.2,38
O00643,2023-08-30,C075,Sara Parikh,Home Office,P006,Monitor,Technology,West,6,254.17,0.3,180
O00643,2023-08-30,C075,Sara Parikh,Home Office,P005,Laptop,Technology,West,6,915.52,0.2,720
O00644,2024-01-22,C067,Meera Mehta,Corporate,P002,Desk,Furniture,South,3,302.47,0.1,210
O00644,2024-01-22,C067,Meera Mehta,Corporate,P006,Monitor,Technology,South,6,239.95,0.05,180
O00645,2024-03-11,C053,Riya Patel,Consumer,P002,Desk,Furniture,East,2,297.75,0,210
O00646,2024-05-02,C028,Riya Thakkar,Corporate,P002,Desk,Furniture,South,5,302.65,0.05,210
O00646,2024-05-02,C028,Riya Thakkar,Corporate,P006,Monitor,Technology,South,5,259.30,0.05,180
O00646,2024-05-02,C028,Riya Thakkar,Corporate,P011,Printer Paper,Office Supplies,South,4,25.34,0.05,15
O00646,2024-05-02,C028,Riya Thakkar,Corporate,P009,Webcam,Technology,South,4,62.59,0.2,38
O00647,2024-03-02,C021,Kabir Parikh,Corporate,P009,Webcam,Technology,Central,2,61.27,0.05,38
O00647,2024-03-02,C021,Kabir Parikh,Corporate,P003,Bookcase,Furniture,Central,5,150.20,0.2,100
O00648,2023-05-01,C028,Riya Thakkar,Corporate,P008,Headset,Technology,South,1,78.95,0.1,50
O00648,2023-05-01,C028,Riya Thakkar,Corporate,P001,Office Chair,Furniture,South,1,124.23,0.1,80
O00648,2023-05-01,C028,Riya Thakkar,Corporate,P012,Stapler,Office Supplies,South,3,14.80,0,8
O00648,2023-05-01,C028,Riya Thakkar,Corporate,P003,Bookcase,Furniture,South,1,150.34,0,100
O00649,2024-01-16,C040,Kabir Trivedi,Consumer,P005,Laptop,Technology,East,2,926.21,0,720
O00649,2024-01-16,C040,Kabir Trivedi,Consumer,P014,Binder,Office Supplies,East,3,7.94,0.1,4
O00649,2024-01-16,C040,Kabir Trivedi,Consumer,P008,Headset,Technology,East,6,77.72,0,50
O00650,2024-05-15,C001,Neel Shah,Consumer,P009,Webcam,Technology,Central,1,57.41,0,38
O00651,2024-03-03,C062,Diya Desai,Consumer,P010,Notebook Pack,Office Supplies,West,6,11.97,0.3,6
O00651,2024-03-03,C062,Diya Desai,Consumer,P008,Headset,Technology,West,2,77.06,0.2,50
O00651,2024-03-03,C062,Diya Desai,Consumer,P006,Monitor,Technology,West,4,253.41,0.2,180
O00652,2024-11-28,C042,Diya Trivedi,Corporate,P013,Marker Set,Office Supplies,West,4,10.16,0.2,5
O00653,2024-02-01,C030,Diya Patel,Consumer,P006,Monitor,Technology,West,6,255.90,0.3,180
O00653,2024-02-01,C030,Diya Patel,Consumer,P009,Webcam,Technology,West,6,62.20,0.1,38
O00653,2024-02-01,C030,Diya Patel,Consumer,P001,Office Chair,Furniture,West,6,120.86,0.1,80
O00653,2024-02-01,C030,Diya Patel,Consumer,P011,Printer Paper,Office Supplies,West,1,25.15,0.3,15
O00654,2024-10-21,C025,Sara Trivedi,Consumer,P010,Notebook Pack,Office Supplies,South,4,11.63,0.1,6
O00655,2024-05-29,C003,Neel Bhatt,Consumer,P011,Printer Paper,Office Supplies,South,1,24.20,0.1,15
O00656,2023-10-09,C032,Sara Shah,Corporate,P002,Desk,Furniture,South,1,297.05,0,210
O00656,2023-10-09,C032,Sara Shah,Corporate,P013,Marker Set,Office Supplies,South,1,10.36,0.05,5
O00656,2023-10-09,C032,Sara Shah,Corporate,P009,Webcam,Technology,South,4,59.62,0,38
O00656,2023-10-09,C032,Sara Shah,Corporate,P010,Notebook Pack,Office Supplies,South,3,12.43,0,6
O00657,2024-01-27,C033,Sara Parikh,Home Office,P002,Desk,Furniture,Central,3,301.25,0,210
O00658,2023-05-28,C024,Vihaan Joshi,Consumer,P013,Marker Set,Office Supplies,West,6,10.45,0.3,5
O00658,2023-05-28,C024,Vihaan Joshi,Consumer,P002,Desk,Furniture,West,3,286.77,0.2,210
O00658,2023-05-28,C024,Vihaan Joshi,Consumer,P003,Bookcase,Furniture,West,1,142.91,0.2,100
O00659,2023-11-11,C019,Neel Joshi,Home Office,P006,Monitor,Technology,East,5,242.56,0,180
O00659,2023-11-11,C019,Neel Joshi,Home Office,P005,Laptop,Technology,East,5,876.28,0.1,720
O00659,2023-11-11,C019,Neel Joshi,Home Office,P007,Keyboard,Technology,East,1,44.48,0.1,28
O00659,2023-11-11,C019,Neel Joshi,Home Office,P002,Desk,Furniture,East,4,286.82,0,210
O00660,2024-07-20,C053,Riya Patel,Consumer,P008,Headset,Technology,East,2,79.26,0,50
O00661,2023-01-20,C035,Neel Bhatt,Corporate,P004,Standing Mat,Furniture,Central,2,40.61,0.1,25
O00662,2023-11-08,C058,Diya Shah,Home Office,P014,Binder,Office Supplies,South,2,8.00,0.2,4
O00663,2024-01-18,C070,Rohan Parikh,Corporate,P013,Marker Set,Office Supplies,South,5,10.45,0.1,5
O00663,2024-01-18,C070,Rohan Parikh,Corporate,P004,Standing Mat,Furniture,South,4,38.17,0.05,25
O00664,2024-09-27,C038,Arjun Mehta,Home Office,P001,Office Chair,Furniture,East,3,117.28,0.05,80
O00664,2024-09-27,C038,Arjun Mehta,Home Office,P014,Binder,Office Supplies,East,3,7.90,0.2,4
O00665,2024-10-27,C066,Aarav Bhatt,Consumer,P001,Office Chair,Furniture,East,3,120.76,0.1,80
O00665,2024-10-27,C066,Aarav Bhatt,Consumer,P003,Bookcase,Furniture,East,1,148.43,0,100
O00665,2024-10-27,C066,Aarav Bhatt,Consumer,P012,Stapler,Office Supplies,East,3,15.34,0,8
O00666,2024-03-18,C027,Kabir Desai,Home Office,P011,Printer Paper,Office Supplies,Central,6,26.20,0,15
O00666,2024-03-18,C027,Kabir Desai,Home Office,P006,Monitor,Technology,Central,6,244.33,0.05,180
O00666,2024-03-18,C027,Kabir Desai,Home Office,P014,Binder,Office Supplies,Central,4,7.87,0,4
O00667,2024-09-05,C043,Aarav Desai,Home Office,P012,Stapler,Office Supplies,East,1,15.22,0,8
O00668,2024-09-15,C061,Aarav Modi,Home Office,P001,Office Chair,Furniture,Central,5,116.08,0.2,80
O00669,2024-12-14,C051,Aarav Thakkar,Home Office,P013,Marker Set,Office Supplies,West,6,10.04,0.1,5
O00670,2024-03-31,C016,Rohan Shah,Consumer,P014,Binder,Office Supplies,East,6,7.91,0,4
O00670,2024-03-31,C016,Rohan Shah,Consumer,P007,Keyboard,Technology,East,3,43.31,0,28
O00670,2024-03-31,C016,Rohan Shah,Consumer,P010,Notebook Pack,Office Supplies,East,2,11.93,0,6
O00671,2023-01-21,C036,Diya Joshi,Corporate,P004,Standing Mat,Furniture,West,2,41.23,0.3,25
O00671,2023-01-21,C036,Diya Joshi,Corporate,P002,Desk,Furniture,West,3,314.40,0.2,210
O00671,2023-01-21,C036,Diya Joshi,Corporate,P010,Notebook Pack,Office Supplies,West,6,11.74,0.1,6
O00672,2024-12-24,C001,Neel Shah,Consumer,P014,Binder,Office Supplies,Central,3,7.69,0.05,4
O00672,2024-12-24,C001,Neel Shah,Consumer,P011,Printer Paper,Office Supplies,Central,2,25.00,0.1,15
O00673,2024-07-19,C025,Sara Trivedi,Consumer,P002,Desk,Furniture,South,2,307.38,0,210
O00673,2024-07-19,C025,Sara Trivedi,Consumer,P010,Notebook Pack,Office Supplies,South,2,12.52,0,6
O00674,2024-06-19,C036,Diya Joshi,Corporate,P014,Binder,Office Supplies,West,6,8.39,0.1,4
O00674,2024-06-19,C036,Diya Joshi,Corporate,P011,Printer Paper,Office Supplies,West,6,25.29,0.2,15
O00675,2024-07-27,C059,Isha Modi,Corporate,P007,Keyboard,Technology,South,6,45.78,0.2,28
O00676,2023-02-23,C042,Diya Trivedi,Corporate,P014,Binder,Office Supplies,West,3,7.97,0.2,4
O00676,2023-02-23,C042,Diya Trivedi,Corporate,P007,Keyboard,Technology,West,6,46.17,0.2,28
O00676,2023-02-23,C042,Diya Trivedi,Corporate,P005,Laptop,Technology,West,4,859.23,0.2,720
O00676,2023-02-23,C042,Diya Trivedi,Corporate,P002,Desk,Furniture,West,1,298.47,0.2,210
O00677,2024-02-06,C025,Sara Trivedi,Consumer,P002,Desk,Furniture,South,6,291.77,0.2,210
O00677,2024-02-06,C025,Sara Trivedi,Consumer,P010,Notebook Pack,Office Supplies,South,2,12.55,0.05,6
O00677,2024-02-06,C025,Sara Trivedi,Consumer,P001,Office Chair,Furniture,South,3,115.97,0,80
O00678,2023-03-06,C013,Vihaan Shah,Home Office,P008,Headset,Technology,Central,5,82.46,0.05,50
O00679,2024-10-03,C033,Sara Parikh,Home Office,P002,Desk,Furniture,Central,1,313.76,0,210
O00679,2024-10-03,C033,Sara Parikh,Home Office,P008,Headset,Technology,Central,2,80.16,0,50
O00680,2023-03-16,C077,Diya Thakkar,Consumer,P013,Marker Set,Office Supplies,West,1,9.62,0.2,5
O00680,2023-03-16,C077,Diya Thakkar,Consumer,P002,Desk,Furniture,West,6,296.32,0.1,210
O00680,2023-03-16,C077,Diya Thakkar,Consumer,P011,Printer Paper,Office Supplies,West,1,25.71,0.1,15
O00680,2023-03-16,C077,Diya Thakkar,Consumer,P008,Headset,Technology,West,5,76.44,0.3,50
O00681,2024-10-04,C008,Aarav Mehta,Home Office,P005,Laptop,Technology,South,5,891.15,0.05,720
O00682,2024-02-25,C030,Diya Patel,Consumer,P008,Headset,Technology,West,4,79.71,0.3,50
O00683,2024-09-27,C080,Vihaan Thakkar,Home Office,P006,Monitor,Technology,Central,1,260.94,0.2,180
O00684,2024-04-09,C067,Meera Mehta,Corporate,P010,Notebook Pack,Office Supplies,South,6,11.41,0,6
O00684,2024-04-09,C067,Meera Mehta,Corporate,P004,Standing Mat,Furniture,South,2,40.37,0,25
O00684,2024-04-09,C067,Meera Mehta,Corporate,P002,Desk,Furniture,South,5,288.78,0.1,210
O00685,2023-09-20,C046,Rohan Bhatt,Home Office,P008,Headset,Technology,South,1,77.95,0,50
O00685,2023-09-20,C046,Rohan Bhatt,Home Office,P012,Stapler,Office Supplies,South,5,14.44,0,8
O00685,2023-09-20,C046,Rohan Bhatt,Home Office,P010,Notebook Pack,Office Supplies,South,6,12.02,0.05,6
O00685,2023-09-20,C046,Rohan Bhatt,Home Office,P014,Binder,Office Supplies,South,5,7.85,0,4
O00686,2023-05-30,C019,Neel Joshi,Home Office,P005,Laptop,Technology,East,5,942.32,0,720
O00686,2023-05-30,C019,Neel Joshi,Home Office,P010,Notebook Pack,Office Supplies,East,2,12.19,0.1,6
O00686,2023-05-30,C019,Neel Joshi,Home Office,P006,Monitor,Technology,East,5,243.43,0,180
O00686,2023-05-30,C019,Neel Joshi,Home Office,P014,Binder,Office Supplies,East,2,7.94,0,4
O00687,2023-07-25,C026,Vihaan Parikh,Consumer,P006,Monitor,Technology,Central,6,254.20,0,180
O00688,2024-12-09,C077,Diya Thakkar,Consumer,P014,Binder,Office Supplies,West,4,8.09,0.3,4
O00688,2024-12-09,C077,Diya Thakkar,Consumer,P010,Notebook Pack,Office Supplies,West,4,11.59,0.3,6
O00688,2024-12-09,C077,Diya Thakkar,Consumer,P013,Marker Set,Office Supplies,West,1,10.00,0.1,5
O00689,2024-10-08,C060,Riya Patel,Home Office,P004,Standing Mat,Furniture,East,3,41.07,0.2,25
O00689,2024-10-08,C060,Riya Patel,Home Office,P008,Headset,Technology,East,4,79.01,0.2,50
O00690,2023-07-08,C001,Neel Shah,Consumer,P001,Office Chair,Furniture,Central,2,120.66,0,80
O00690,2023-07-08,C001,Neel Shah,Consumer,P002,Desk,Furniture,Central,6,298.21,0,210
O00690,2023-07-08,C001,Neel Shah,Consumer,P006,Monitor,Technology,Central,3,260.32,0.1,180
O00691,2023-02-14,C004,Aarav Patel,Consumer,P004,Standing Mat,Furniture,West,3,38.88,0.2,25
O00691,2023-02-14,C004,Aarav Patel,Consumer,P005,Laptop,Technology,West,5,885.58,0.2,720
O00692,2023-09-09,C023,Aarav Desai,Consumer,P001,Office Chair,Furniture,Central,1,124.93,0,80
O00692,2023-09-09,C023,Aarav Desai,Consumer,P003,Bookcase,Furniture,Central,6,144.56,0.2,100
O00693,2023-04-24,C044,Diya Parikh,Consumer,P005,Laptop,Technology,West,3,888.27,0.2,720
O00693,2023-04-24,C044,Diya Parikh,Consumer,P008,Headset,Technology,West,5,83.53,0.2,50
O00694,2024-03-20,C009,Isha Joshi,Consumer,P003,Bookcase,Furniture,West,2,154.42,0.2,100
O00695,2024-06-29,C049,Anaya Bhatt,Corporate,P006,Monitor,Technology,East,1,243.61,0.2,180
O00695,2024-06-29,C049,Anaya Bhatt,Corporate,P010,Notebook Pack,Office Supplies,East,5,12.10,0.1,6
O00695,2024-06-29,C049,Anaya Bhatt,Corporate,P007,Keyboard,Technology,East,3,46.30,0,28
O00696,2023-09-11,C007,Meera Parikh,Home Office,P014,Binder,Office Supplies,Central,2,8.31,0.1,4
O00696,2023-09-11,C007,Meera Parikh,Home Office,P003,Bookcase,Furniture,Central,4,143.72,0.2,100
O00696,2023-09-11,C007,Meera Parikh,Home Office,P009,Webcam,Technology,Central,2,60.69,0.2,38
O00697,2024-06-04,C050,Meera Desai,Consumer,P008,Headset,Technology,Central,3,78.57,0,50
O00697,2024-06-04,C050,Meera Desai,Consumer,P009,Webcam,Technology,Central,6,61.17,0.1,38
O00697,2024-06-04,C050,Meera Desai,Consumer,P014,Binder,Office Supplies,Central,5,7.98,0.05,4
O00698,2024-02-15,C075,Sara Parikh,Home Office,P004,Standing Mat,Furniture,West,4,41.58,0.2,25
O00699,2023-08-29,C051,Aarav Thakkar,Home Office,P005,Laptop,Technology,West,3,906.42,0.3,720
O00699,2023-08-29,C051,Aarav Thakkar,Home Office,P007,Keyboard,Technology,West,2,45.23,0.3,28
O00700,2023-03-28,C038,Arjun Mehta,Home Office,P009,Webcam,Technology,East,5,59.79,0,38
O00700,2023-03-28,C038,Arjun Mehta,Home Office,P006,Monitor,Technology,East,4,248.15,0,180
O00700,2023-03-28,C038,Arjun Mehta,Home Office,P004,Standing Mat,Furniture,East,4,39.64,0.05,25
O00700,2023-03-28,C038,Arjun Mehta,Home Office,P010,Notebook Pack,Office Supplies,East,1,11.73,0,6
O00701,2023-07-03,C057,Meera Parikh,Corporate,P005,Laptop,Technology,West,1,887.32,0.1,720
O00701,2023-07-03,C057,Meera Parikh,Corporate,P011,Printer Paper,Office Supplies,West,5,25.86,0.3,15
O00702,2024-07-13,C011,Diya Trivedi,Corporate,P004,Standing Mat,Furniture,Central,5,39.44,0,25
O00702,2024-07-13,C011,Diya Trivedi,Corporate,P002,Desk,Furniture,Central,6,295.01,0,210
O00702,2024-07-13,C011,Diya Trivedi,Corporate,P013,Marker Set,Office Supplies,Central,6,9.75,0,5
O00703,2024-11-30,C025,Sara Trivedi,Consumer,P014,Binder,Office Supplies,South,3,8.19,0.2,4
O00703,2024-11-30,C025,Sara Trivedi,Consumer,P013,Marker Set,Office Supplies,South,3,10.27,0,5
O00704,2023-12-21,C052,Sara Desai,Consumer,P014,Binder,Office Supplies,East,2,8.12,0.05,4
O00704,2023-12-21,C052,Sara Desai,Consumer,P010,Notebook Pack,Office Supplies,East,6,11.67,0.05,6
O00704,2023-12-21,C052,Sara Desai,Consumer,P011,Printer Paper,Office Supplies,East,2,24.27,0.2,15
O00704,2023-12-21,C052,Sara Desai,Consumer,P001,Office Chair,Furniture,East,5,121.04,0.1,80
O00705,2024-04-24,C060,Riya Patel,Home Office,P013,Marker Set,Office Supplies,East,6,9.93,0,5
O00705,2024-04-24,C060,Riya Patel,Home Office,P002,Desk,Furniture,East,4,291.29,0.05,210
O00705,2024-04-24,C060,Riya Patel,Home Office,P006,Monitor,Technology,East,2,238.25,0.1,180
O00706,2024-08-14,C017,Vihaan Joshi,Corporate,P012,Stapler,Office Supplies,Central,3,15.50,0.2,8
O00706,2024-08-14,C017,Vihaan Joshi,Corporate,P001,Office Chair,Furniture,Central,6,119.03,0,80
O00706,2024-08-14,C017,Vihaan Joshi,Corporate,P008,Headset,Technology,Central,6,82.10,0.05,50
O00707,2024-07-04,C039,Neel Joshi,Home Office,P010,Notebook Pack,Office Supplies,West,2,12.51,0.1,6
O00707,2024-07-04,C039,Neel Joshi,Home Office,P001,Office Chair,Furniture,West,5,120.82,0.3,80
O00707,2024-07-04,C039,Neel Joshi,Home Office,P014,Binder,Office Supplies,West,4,8.06,0.2,4
O00708,2024-01-26,C027,Kabir Desai,Home Office,P002,Desk,Furniture,Central,5,288.26,0.05,210
O00708,2024-01-26,C027,Kabir Desai,Home Office,P009,Webcam,Technology,Central,3,60.83,0.05,38
O00708,2024-01-26,C027,Kabir Desai,Home Office,P007,Keyboard,Technology,Central,6,43.52,0,28
O00708,2024-01-26,C027,Kabir Desai,Home Office,P004,Standing Mat,Furniture,Central,6,38.71,0.1,25
O00709,2024-09-09,C063,Arjun Parikh,Consumer,P003,Bookcase,Furniture,South,4,143.54,0,100
O00710,2023-10-10,C068,Anaya Desai,Corporate,P008,Headset,Technology,East,1,78.95,0,50
O00711,2023-06-25,C042,Diya Trivedi,Corporate,P007,Keyboard,Technology,West,6,44.63,0.2,28
O00711,2023-06-25,C042,Diya Trivedi,Corporate,P003,Bookcase,Furniture,West,2,148.33,0.1,100
O00711,2023-06-25,C042,Diya Trivedi,Corporate,P002,Desk,Furniture,West,3,311.11,0.2,210
O00711,2023-06-25,C042,Diya Trivedi,Corporate,P013,Marker Set,Office Supplies,West,6,10.32,0.3,5
O00712,2024-05-01,C021,Kabir Parikh,Corporate,P010,Notebook Pack,Office Supplies,Central,3,12.22,0.2,6
O00712,2024-05-01,C021,Kabir Parikh,Corporate,P004,Standing Mat,Furniture,Central,2,38.03,0,25
O00712,2024-05-01,C021,Kabir Parikh,Corporate,P009,Webcam,Technology,Central,4,57.38,0.05,38
O00713,2024-09-11,C032,Sara Shah,Corporate,P010,Notebook Pack,Office Supplies,South,6,12.09,0.05,6
O00713,2024-09-11,C032,Sara Shah,Corporate,P008,Headset,Technology,South,4,78.30,0,50
O00713,2024-09-11,C032,Sara Shah,Corporate,P013,Marker Set,Office Supplies,South,6,10.20,0,5
O00714,2023-11-27,C023,Aarav Desai,Consumer,P004,Standing Mat,Furniture,Central,6,39.54,0.05,25
O00714,2023-11-27,C023,Aarav Desai,Consumer,P003,Bookcase,Furniture,Central,1,152.98,0,100
O00714,2023-11-27,C023,Aarav Desai,Consumer,P010,Notebook Pack,Office Supplies,Central,1,12.24,0.05,6
O00714,2023-11-27,C023,Aarav Desai,Consumer,P007,Keyboard,Technology,Central,2,46.73,0,28
O00715,2023-10-08,C069,Kabir Modi,Consumer,P011,Printer Paper,Office Supplies,South,2,25.56,0.2,15
O00715,2023-10-08,C069,Kabir Modi,Consumer,P002,Desk,Furniture,South,5,297.34,0.05,210
O00715,2023-10-08,C069,Kabir Modi,Consumer,P012,Stapler,Office Supplies,South,1,15.74,0,8
O00716,2023-04-18,C065,Diya Parikh,Home Office,P007,Keyboard,Technology,East,1,43.68,0,28
O00716,2023-04-18,C065,Diya Parikh,Home Office,P008,Headset,Technology,East,6,76.21,0.05,50
O00716,2023-04-18,C065,Diya Parikh,Home Office,P003,Bookcase,Furniture,East,4,152.63,0.2,100
O00717,2024-01-26,C044,Diya Parikh,Consumer,P014,Binder,Office Supplies,West,6,7.80,0.1,4
O00717,2024-01-26,C044,Diya Parikh,Consumer,P004,Standing Mat,Furniture,West,6,39.31,0.2,25
O00717,2024-01-26,C044,Diya Parikh,Consumer,P007,Keyboard,Technology,West,1,44.93,0.3,28
O00717,2024-01-26,C044,Diya Parikh,Consumer,P001,Office Chair,Furniture,West,2,120.58,0.1,80
O00718,2024-03-24,C018,Kabir Trivedi,Corporate,P014,Binder,Office Supplies,West,2,8.09,0.1,4
O00718,2024-03-24,C018,Kabir Trivedi,Corporate,P005,Laptop,Technology,West,6,866.17,0.3,720
O00718,2024-03-24,C018,Kabir Trivedi,Corporate,P003,Bookcase,Furniture,West,6,145.03,0.3,100
O00718,2024-03-24,C018,Kabir Trivedi,Corporate,P012,Stapler,Office Supplies,West,2,15.27,0.1,8
O00719,2024-03-27,C046,Rohan Bhatt,Home Office,P004,Standing Mat,Furniture,South,5,41.57,0,25
O00719,2024-03-27,C046,Rohan Bhatt,Home Office,P012,Stapler,Office Supplies,South,1,14.91,0,8
O00720,2024-10-12,C014,Neel Thakkar,Corporate,P012,Stapler,Office Supplies,West,4,14.26,0.2,8
O00720,2024-10-12,C014,Neel Thakkar,Corporate,P005,Laptop,Technology,West,3,938.59,0.2,720
O00720,2024-10-12,C014,Neel Thakkar,Corporate,P008,Headset,Technology,West,1,77.60,0.2,50
O00720,2024-10-12,C014,Neel Thakkar,Corporate,P001,Office Chair,Furniture,West,1,114.34,0.3,80
O00721,2023-12-12,C009,Isha Joshi,Consumer,P002,Desk,Furniture,West,1,306.72,0.2,210
O00721,2023-12-12,C009,Isha Joshi,Consumer,P013,Marker Set,Office Supplies,West,3,10.01,0.3,5
O00722,2023-11-27,C025,Sara Trivedi,Consumer,P009,Webcam,Technology,South,2,57.72,0.05,38
O00722,2023-11-27,C025,Sara Trivedi,Consumer,P007,Keyboard,Technology,South,2,44.35,0,28
O00723,2023-01-16,C052,Sara Desai,Consumer,P001,Office Chair,Furniture,East,6,116.64,0.05,80
O00723,2023-01-16,C052,Sara Desai,Consumer,P007,Keyboard,Technology,East,3,45.67,0,28
O00723,2023-01-16,C052,Sara Desai,Consumer,P004,Standing Mat,Furniture,East,2,38.27,0,25
O00724,2024-02-25,C039,Neel Joshi,Home Office,P002,Desk,Furniture,West,1,292.56,0.2,210
O00724,2024-02-25,C039,Neel Joshi,Home Office,P012,Stapler,Office Supplies,West,6,14.74,0.2,8
O00724,2024-02-25,C039,Neel Joshi,Home Office,P009,Webcam,Technology,West,6,61.07,0.3,38
O00724,2024-02-25,C039,Neel Joshi,Home Office,P010,Notebook Pack,Office Supplies,West,6,11.80,0.2,6
O00725,2024-12-28,C062,Diya Desai,Consumer,P006,Monitor,Technology,West,5,252.71,0.1,180
O00726,2024-04-04,C049,Anaya Bhatt,Corporate,P009,Webcam,Technology,East,2,62.93,0.2,38
O00726,2024-04-04,C049,Anaya Bhatt,Corporate,P010,Notebook Pack,Office Supplies,East,1,12.14,0,6
O00727,2023-11-14,C032,Sara Shah,Corporate,P001,Office Chair,Furniture,South,3,118.49,0,80
O00728,2023-07-26,C020,Sara Mehta,Home Office,P004,Standing Mat,Furniture,West,4,41.95,0.2,25
O00728,2023-07-26,C020,Sara Mehta,Home Office,P011,Printer Paper,Office Supplies,West,3,24.09,0.3,15
O00728,2023-07-26,C020,Sara Mehta,Home Office,P001,Office Chair,Furniture,West,4,120.25,0.1,80
O00728,2023-07-26,C020,Sara Mehta,Home Office,P014,Binder,Office Supplies,West,2,8.20,0.3,4
O00729,2023-12-07,C070,Rohan Parikh,Corporate,P011,Printer Paper,Office Supplies,South,6,25.75,0,15
O00730,2023-08-16,C078,Vihaan Shah,Home Office,P009,Webcam,Technology,West,4,57.39,0.1,38
O00730,2023-08-16,C078,Vihaan Shah,Home Office,P006,Monitor,Technology,West,1,261.34,0.1,180
O00730,2023-08-16,C078,Vihaan Shah,Home Office,P003,Bookcase,Furniture,West,2,156.57,0.2,100
O00730,2023-08-16,C078,Vihaan Shah,Home Office,P008,Headset,Technology,West,5,77.39,0.1,50
O00731,2023-07-29,C031,Neel Mehta,Home Office,P007,Keyboard,Technology,South,2,44.85,0.2,28
O00732,2023-07-22,C032,Sara Shah,Corporate,P003,Bookcase,Furniture,South,6,151.15,0,100
O00732,2023-07-22,C032,Sara Shah,Corporate,P010,Notebook Pack,Office Supplies,South,4,11.73,0,6
O00732,2023-07-22,C032,Sara Shah,Corporate,P004,Standing Mat,Furniture,South,3,41.80,0,25
O00732,2023-07-22,C032,Sara Shah,Corporate,P005,Laptop,Technology,South,4,888.99,0.05,720
O00733,2024-03-27,C055,Rohan Parikh,Consumer,P013,Marker Set,Office Supplies,West,1,9.93,0.3,5
O00733,2024-03-27,C055,Rohan Parikh,Consumer,P003,Bookcase,Furniture,West,2,151.43,0.3,100
O00733,2024-03-27,C055,Rohan Parikh,Consumer,P008,Headset,Technology,West,3,81.81,0.2,50
O00733,2024-03-27,C055,Rohan Parikh,Consumer,P001,Office Chair,Furniture,West,4,119.56,0.3,80
O00734,2023-10-20,C062,Diya Desai,Consumer,P006,Monitor,Technology,West,2,255.37,0.2,180
O00735,2023-06-08,C025,Sara Trivedi,Consumer,P001,Office Chair,Furniture,South,3,122.76,0.1,80
O00736,2024-05-18,C052,Sara Desai,Consumer,P007,Keyboard,Technology,East,5,44.14,0.05,28
O00736,2024-05-18,C052,Sara Desai,Consumer,P012,Stapler,Office Supplies,East,1,14.86,0,8
O00736,2024-05-18,C052,Sara Desai,Consumer,P006,Monitor,Technology,East,5,247.12,0,180
O00736,2024-05-18,C052,Sara Desai,Consumer,P014,Binder,Office Supplies,East,4,7.76,0,4
O00737,2023-09-19,C045,Kabir Parikh,Home Office,P011,Printer Paper,Office Supplies,West,6,26.07,0.3,15
O00737,2023-09-19,C045,Kabir Parikh,Home Office,P012,Stapler,Office Supplies,West,1,14.61,0.2,8
O00737,2023-09-19,C045,Kabir Parikh,Home Office,P006,Monitor,Technology,West,6,253.27,0.3,180
O00737,2023-09-19,C045,Kabir Parikh,Home Office,P001,Office Chair,Furniture,West,6,122.37,0.1,80
O00738,2023-06-01,C034,Arjun Patel,Home Office,P011,Printer Paper,Office Supplies,East,6,25.20,0.1,15
O00738,2023-06-01,C034,Arjun Patel,Home Office,P003,Bookcase,Furniture,East,1,142.69,0,100
O00738,2023-06-01,C034,Arjun Patel,Home Office,P005,Laptop,Technology,East,4,919.04,0.2,720
O00738,2023-06-01,C034,Arjun Patel,Home Office,P004,Standing Mat,Furniture,East,1,40.82,0.05,25
O00739,2024-06-14,C025,Sara Trivedi,Consumer,P003,Bookcase,Furniture,South,6,157.02,0.1,100
O00739,2024-06-14,C025,Sara Trivedi,Consumer,P007,Keyboard,Technology,South,6,45.39,0.05,28
O00739,2024-06-14,C025,Sara Trivedi,Consumer,P005,Laptop,Technology,South,6,922.72,0.05,720
O00739,2024-06-14,C025,Sara Trivedi,Consumer,P012,Stapler,Office Supplies,South,5,14.41,0,8
O00740,2023-12-19,C035,Neel Bhatt,Corporate,P012,Stapler,Office Supplies,Central,2,14.71,0.2,8
O00740,2023-12-19,C035,Neel Bhatt,Corporate,P007,Keyboard,Technology,Central,1,42.76,0.05,28
O00741,2024-12-14,C037,Anaya Patel,Home Office,P003,Bookcase,Furniture,Central,4,144.51,0.2,100
O00741,2024-12-14,C037,Anaya Patel,Home Office,P014,Binder,Office Supplies,Central,1,8.00,0,4
O00741,2024-12-14,C037,Anaya Patel,Home Office,P006,Monitor,Technology,Central,2,251.68,0.05,180
O00741,2024-12-14,C037,Anaya Patel,Home Office,P013,Marker Set,Office Supplies,Central,6,9.70,0,5
O00742,2023-07-07,C025,Sara Trivedi,Consumer,P014,Binder,Office Supplies,South,1,8.33,0.2,4
O00742,2023-07-07,C025,Sara Trivedi,Consumer,P007,Keyboard,Technology,South,3,43.50,0.2,28
O00742,2023-07-07,C025,Sara Trivedi,Consumer,P008,Headset,Technology,South,3,79.02,0,50
O00743,2023-03-07,C044,Diya Parikh,Consumer,P010,Notebook Pack,Office Supplies,West,6,11.97,0.2,6
O00744,2023-04-14,C002,Meera Desai,Consumer,P005,Laptop,Technology,East,1,914.88,0,720
O00745,2023-04-10,C028,Riya Thakkar,Corporate,P007,Keyboard,Technology,South,3,45.09,0.1,28
O00746,2024-05-12,C061,Aarav Modi,Home Office,P010,Notebook Pack,Office Supplies,Central,3,12.22,0,6
O00746,2024-05-12,C061,Aarav Modi,Home Office,P007,Keyboard,Technology,Central,3,46.43,0,28
O00746,2024-05-12,C061,Aarav Modi,Home Office,P006,Monitor,Technology,Central,5,247.46,0.2,180
O00747,2023-02-28,C046,Rohan Bhatt,Home Office,P013,Marker Set,Office Supplies,South,4,10.37,0.05,5
O00747,2023-02-28,C046,Rohan Bhatt,Home Office,P002,Desk,Furniture,South,2,310.06,0.2,210
O00747,2023-02-28,C046,Rohan Bhatt,Home Office,P001,Office Chair,Furniture,South,5,121.22,0,80
O00748,2023-10-14,C032,Sara Shah,Corporate,P008,Headset,Technology,South,5,82.96,0.2,50
O00748,2023-10-14,C032,Sara Shah,Corporate,P010,Notebook Pack,Office Supplies,South,1,12.19,0.05,6
O00748,2023-10-14,C032,Sara Shah,Corporate,P011,Printer Paper,Office Supplies,South,3,26.14,0.2,15
O00749,2023-01-18,C047,Meera Bhatt,Home Office,P013,Marker Set,Office Supplies,West,2,10.18,0.3,5
O00750,2024-09-13,C063,Arjun Parikh,Consumer,P012,Stapler,Office Supplies,South,4,15.66,0.05,8
O00750,2024-09-13,C063,Arjun Parikh,Consumer,P010,Notebook Pack,Office Supplies,South,1,12.43,0.2,6
O00750,2024-09-13,C063,Arjun Parikh,Consumer,P002,Desk,Furniture,South,5,296.55,0.2,210
O00750,2024-09-13,C063,Arjun Parikh,Consumer,P006,Monitor,Technology,South,5,255.30,0,180
O00751,2024-08-08,C065,Diya Parikh,Home Office,P003,Bookcase,Furniture,East,3,154.45,0.05,100
O00752,2024-11-20,C060,Riya Patel,Home Office,P008,Headset,Technology,East,2,81.30,0.05,50
O00752,2024-11-20,C060,Riya Patel,Home Office,P002,Desk,Furniture,East,6,291.35,0,210
O00753,2024-12-14,C004,Aarav Patel,Consumer,P006,Monitor,Technology,West,3,243.01,0.3,180
O00753,2024-12-14,C004,Aarav Patel,Consumer,P007,Keyboard,Technology,West,6,47.03,0.3,28
O00754,2023-05-07,C018,Kabir Trivedi,Corporate,P002,Desk,Furniture,West,5,312.95,0.2,210
O00754,2023-05-07,C018,Kabir Trivedi,Corporate,P013,Marker Set,Office Supplies,West,4,10.14,0.1,5
O00754,2023-05-07,C018,Kabir Trivedi,Corporate,P012,Stapler,Office Supplies,West,5,15.23,0.3,8
O00754,2023-05-07,C018,Kabir Trivedi,Corporate,P006,Monitor,Technology,West,2,257.71,0.3,180
O00755,2023-09-23,C015,Riya Shah,Consumer,P002,Desk,Furniture,West,2,307.22,0.3,210
O00755,2023-09-23,C015,Riya Shah,Consumer,P014,Binder,Office Supplies,West,2,8.06,0.1,4
O00755,2023-09-23,C015,Riya Shah,Consumer,P013,Marker Set,Office Supplies,West,5,10.45,0.3,5
O00756,2023-01-02,C040,Kabir Trivedi,Consumer,P010,Notebook Pack,Office Supplies,East,4,11.63,0.1,6
O00757,2024-03-09,C041,Sara Trivedi,Corporate,P013,Marker Set,Office Supplies,East,5,10.16,0.1,5
O00757,2024-03-09,C041,Sara Trivedi,Corporate,P011,Printer Paper,Office Supplies,East,1,24.02,0,15
O00757,2024-03-09,C041,Sara Trivedi,Corporate,P003,Bookcase,Furniture,East,3,155.29,0.1,100
O00758,2023-05-29,C038,Arjun Mehta,Home Office,P008,Headset,Technology,East,3,77.18,0.05,50
O00758,2023-05-29,C038,Arjun Mehta,Home Office,P011,Printer Paper,Office Supplies,East,6,25.62,0,15
O00759,2023-02-05,C077,Diya Thakkar,Consumer,P005,Laptop,Technology,West,6,879.61,0.1,720
O00759,2023-02-05,C077,Diya Thakkar,Consumer,P009,Webcam,Technology,West,2,59.87,0.2,38
O00759,2023-02-05,C077,Diya Thakkar,Consumer,P012,Stapler,Office Supplies,West,4,14.69,0.3,8
O00760,2023-03-02,C043,Aarav Desai,Home Office,P014,Binder,Office Supplies,East,2,8.28,0,4
O00760,2023-03-02,C043,Aarav Desai,Home Office,P012,Stapler,Office Supplies,East,2,15.35,0.2,8
O00761,2024-05-14,C051,Aarav Thakkar,Home Office,P014,Binder,Office Supplies,West,3,8.04,0.1,4
O00761,2024-05-14,C051,Aarav Thakkar,Home Office,P011,Printer Paper,Office Supplies,West,3,25.44,0.3,15
O00761,2024-05-14,C051,Aarav Thakkar,Home Office,P003,Bookcase,Furniture,West,5,148.37,0.3,100
O00762,2023-10-07,C071,Riya Bhatt,Home Office,P002,Desk,Furniture,South,6,310.49,0,210
O00762,2023-10-07,C071,Riya Bhatt,Home Office,P003,Bookcase,Furniture,South,2,149.36,0,100
O00762,2023-10-07,C071,Riya Bhatt,Home Office,P006,Monitor,Technology,South,6,240.94,0.1,180
O00762,2023-10-07,C071,Riya Bhatt,Home Office,P010,Notebook Pack,Office Supplies,South,2,11.75,0.05,6
O00763,2023-08-03,C028,Riya Thakkar,Corporate,P012,Stapler,Office Supplies,South,5,14.79,0,8
O00763,2023-08-03,C028,Riya Thakkar,Corporate,P011,Printer Paper,Office Supplies,South,2,25.45,0,15
O00764,2024-01-21,C055,Rohan Parikh,Consumer,P001,Office Chair,Furniture,West,2,125.69,0.3,80
O00764,2024-01-21,C055,Rohan Parikh,Consumer,P002,Desk,Furniture,West,5,288.52,0.1,210
O00765,2024-10-14,C020,Sara Mehta,Home Office,P004,Standing Mat,Furniture,West,6,39.95,0.3,25
O00765,2024-10-14,C020,Sara Mehta,Home Office,P001,Office Chair,Furniture,West,6,125.45,0.2,80
O00765,2024-10-14,C020,Sara Mehta,Home Office,P002,Desk,Furniture,West,6,308.28,0.3,210
O00765,2024-10-14,C020,Sara Mehta,Home Office,P014,Binder,Office Supplies,West,6,8.22,0.1,4
O00766,2024-01-27,C036,Diya Joshi,Corporate,P006,Monitor,Technology,West,6,240.55,0.1,180
O00766,2024-01-27,C036,Diya Joshi,Corporate,P001,Office Chair,Furniture,West,5,116.70,0.2,80
O00766,2024-01-27,C036,Diya Joshi,Corporate,P002,Desk,Furniture,West,4,314.62,0.2,210
O00766,2024-01-27,C036,Diya Joshi,Corporate,P012,Stapler,Office Supplies,West,1,15.29,0.3,8
O00767,2024-08-30,C024,Vihaan Joshi,Consumer,P008,Headset,Technology,West,1,80.57,0.3,50
O00767,2024-08-30,C024,Vihaan Joshi,Consumer,P011,Printer Paper,Office Supplies,West,5,23.91,0.3,15
O00767,2024-08-30,C024,Vihaan Joshi,Consumer,P012,Stapler,Office Supplies,West,6,14.86,0.2,8
O00767,2024-08-30,C024,Vihaan Joshi,Consumer,P007,Keyboard,Technology,West,5,44.52,0.1,28
O00768,2024-06-26,C063,Arjun Parikh,Consumer,P009,Webcam,Technology,South,6,60.23,0.1,38
O00769,2023-05-08,C027,Kabir Desai,Home Office,P003,Bookcase,Furniture,Central,1,152.93,0.1,100
O00770,2024-07-22,C058,Diya Shah,Home Office,P002,Desk,Furniture,South,2,291.19,0.1,210
O00770,2024-07-22,C058,Diya Shah,Home Office,P001,Office Chair,Furniture,South,1,120.75,0,80
O00770,2024-07-22,C058,Diya Shah,Home Office,P003,Bookcase,Furniture,South,5,157.20,0,100
O00771,2023-11-18,C022,Neel Bhatt,Consumer,P011,Printer Paper,Office Supplies,Central,5,26.12,0,15
O00771,2023-11-18,C022,Neel Bhatt,Consumer,P001,Office Chair,Furniture,Central,4,121.91,0,80
O00771,2023-11-18,C022,Neel Bhatt,Consumer,P004,Standing Mat,Furniture,Central,6,40.31,0,25
O00771,2023-11-18,C022,Neel Bhatt,Consumer,P005,Laptop,Technology,Central,3,902.04,0,720
O00772,2024-09-12,C069,Kabir Modi,Consumer,P012,Stapler,Office Supplies,South,2,15.48,0.2,8
O00772,2024-09-12,C069,Kabir Modi,Consumer,P002,Desk,Furniture,South,3,290.64,0,210
O00773,2023-08-09,C018,Kabir Trivedi,Corporate,P010,Notebook Pack,Office Supplies,West,5,11.55,0.3,6
O00773,2023-08-09,C018,Kabir Trivedi,Corporate,P006,Monitor,Technology,West,3,239.36,0.3,180
O00774,2023-09-24,C049,Anaya Bhatt,Corporate,P007,Keyboard,Technology,East,6,47.00,0,28
O00774,2023-09-24,C049,Anaya Bhatt,Corporate,P008,Headset,Technology,East,2,83.52,0.05,50
O00775,2024-07-02,C027,Kabir Desai,Home Office,P011,Printer Paper,Office Supplies,Central,6,24.42,0.2,15
O00776,2024-12-14,C048,Riya Joshi,Corporate,P007,Keyboard,Technology,Central,4,47.22,0,28
O00776,2024-12-14,C048,Riya Joshi,Corporate,P003,Bookcase,Furniture,Central,5,142.89,0.05,100
O00777,2023-09-11,C010,Isha Shah,Consumer,P002,Desk,Furniture,South,1,301.45,0.2,210
O00777,2023-09-11,C010,Isha Shah,Consumer,P009,Webcam,Technology,South,3,60.84,0,38
O00777,2023-09-11,C010,Isha Shah,Consumer,P014,Binder,Office Supplies,South,2,8.22,0,4
O00778,2023-08-20,C036,Diya Joshi,Corporate,P002,Desk,Furniture,West,2,314.38,0.3,210
O00779,2024-01-23,C014,Neel Thakkar,Corporate,P003,Bookcase,Furniture,West,3,153.42,0.2,100
O00780,2024-08-25,C063,Arjun Parikh,Consumer,P009,Webcam,Technology,South,3,61.20,0,38
O00781,2024-07-18,C035,Neel Bhatt,Corporate,P001,Office Chair,Furniture,Central,4,117.82,0,80
O00782,2023-07-05,C045,Kabir Parikh,Home Office,P008,Headset,Technology,West,6,81.49,0.1,50
O00782,2023-07-05,C045,Kabir Parikh,Home Office,P010,Notebook Pack,Office Supplies,West,2,12.19,0.2,6
O00782,2023-07-05,C045,Kabir Parikh,Home Office,P003,Bookcase,Furniture,West,3,151.01,0.3,100
O00782,2023-07-05,C045,Kabir Parikh,Home Office,P005,Laptop,Technology,West,6,937.66,0.1,720
O00783,2024-01-15,C032,Sara Shah,Corporate,P012,Stapler,Office Supplies,South,5,15.45,0,8
O00783,2024-01-15,C032,Sara Shah,Corporate,P008,Headset,Technology,South,4,78.21,0,50
O00783,2024-01-15,C032,Sara Shah,Corporate,P003,Bookcase,Furniture,South,2,156.63,0.1,100
O00783,2024-01-15,C032,Sara Shah,Corporate,P013,Marker Set,Office Supplies,South,1,10.14,0,5
O00784,2023-11-11,C012,Aarav Parikh,Home Office,P002,Desk,Furniture,East,1,292.20,0.2,210
O00785,2023-06-19,C074,Riya Trivedi,Consumer,P002,Desk,Furniture,East,4,293.58,0.2,210
O00786,2023-01-11,C055,Rohan Parikh,Consumer,P008,Headset,Technology,West,6,81.48,0.2,50
O00786,2023-01-11,C055,Rohan Parikh,Consumer,P014,Binder,Office Supplies,West,4,8.16,0.2,4
O00787,2023-01-15,C079,Sara Thakkar,Consumer,P014,Binder,Office Supplies,East,6,8.17,0,4
O00787,2023-01-15,C079,Sara Thakkar,Consumer,P012,Stapler,Office Supplies,East,2,15.37,0.1,8
O00788,2024-11-08,C068,Anaya Desai,Corporate,P010,Notebook Pack,Office Supplies,East,6,12.56,0.05,6
O00789,2024-06-20,C029,Isha Desai,Consumer,P002,Desk,Furniture,South,1,300.41,0,210
O00789,2024-06-20,C029,Isha Desai,Consumer,P006,Monitor,Technology,South,2,249.89,0.05,180
O00790,2024-01-18,C015,Riya Shah,Consumer,P011,Printer Paper,Office Supplies,West,4,24.48,0.1,15
O00790,2024-01-18,C015,Riya Shah,Consumer,P004,Standing Mat,Furniture,West,1,39.06,0.3,25
O00790,2024-01-18,C015,Riya Shah,Consumer,P009,Webcam,Technology,West,3,59.36,0.2,38
O00791,2024-10-20,C005,Meera Bhatt,Home Office,P010,Notebook Pack,Office Supplies,East,3,12.14,0,6
O00791,2024-10-20,C005,Meera Bhatt,Home Office,P008,Headset,Technology,East,1,78.83,0,50
O00791,2024-10-20,C005,Meera Bhatt,Home Office,P001,Office Chair,Furniture,East,2,124.68,0,80
O00791,2024-10-20,C005,Meera Bhatt,Home Office,P006,Monitor,Technology,East,1,246.36,0.05,180
O00792,2024-03-17,C063,Arjun Parikh,Consumer,P002,Desk,Furniture,South,4,311.96,0.1,210
O00792,2024-03-17,C063,Arjun Parikh,Consumer,P009,Webcam,Technology,South,1,62.48,0,38
O00793,2023-06-09,C033,Sara Parikh,Home Office,P008,Headset,Technology,Central,4,78.39,0,50
O00793,2023-06-09,C033,Sara Parikh,Home Office,P007,Keyboard,Technology,Central,3,45.16,0,28
O00794,2023-04-22,C057,Meera Parikh,Corporate,P003,Bookcase,Furniture,West,6,147.89,0.1,100
O00794,2023-04-22,C057,Meera Parikh,Corporate,P014,Binder,Office Supplies,West,3,7.69,0.2,4
O00794,2023-04-22,C057,Meera Parikh,Corporate,P006,Monitor,Technology,West,4,240.84,0.1,180
O00794,2023-04-22,C057,Meera Parikh,Corporate,P007,Keyboard,Technology,West,2,46.80,0.3,28
O00795,2024-11-16,C035,Neel Bhatt,Corporate,P007,Keyboard,Technology,Central,6,45.23,0.05,28
O00796,2023-05-11,C042,Diya Trivedi,Corporate,P009,Webcam,Technology,West,1,57.66,0.2,38
O00796,2023-05-11,C042,Diya Trivedi,Corporate,P012,Stapler,Office Supplies,West,3,14.44,0.1,8
O00796,2023-05-11,C042,Diya Trivedi,Corporate,P013,Marker Set,Office Supplies,West,6,9.51,0.2,5
O00796,2023-05-11,C042,Diya Trivedi,Corporate,P007,Keyboard,Technology,West,3,42.98,0.2,28
O00797,2024-03-15,C077,Diya Thakkar,Consumer,P007,Keyboard,Technology,West,4,44.05,0.3,28
O00798,2023-03-26,C055,Rohan Parikh,Consumer,P010,Notebook Pack,Office Supplies,West,3,11.62,0.2,6
O00798,2023-03-26,C055,Rohan Parikh,Consumer,P003,Bookcase,Furniture,West,6,155.46,0.1,100
O00799,2023-09-11,C055,Rohan Parikh,Consumer,P008,Headset,Technology,West,5,81.61,0.1,50
O00799,2023-09-11,C055,Rohan Parikh,Consumer,P012,Stapler,Office Supplies,West,5,14.52,0.2,8
O00800,2024-10-06,C030,Diya Patel,Consumer,P003,Bookcase,Furniture,West,2,143.08,0.3,100
O00801,2023-05-30,C055,Rohan Parikh,Consumer,P010,Notebook Pack,Office Supplies,West,1,11.51,0.2,6
O00802,2024-01-25,C053,Riya Patel,Consumer,P012,Stapler,Office Supplies,East,4,14.75,0,8
O00802,2024-01-25,C053,Riya Patel,Consumer,P011,Printer Paper,Office Supplies,East,6,25.02,0,15
O00802,2024-01-25,C053,Riya Patel,Consumer,P004,Standing Mat,Furniture,East,3,39.22,0,25
O00803,2024-01-08,C036,Diya Joshi,Corporate,P012,Stapler,Office Supplies,West,2,15.59,0.3,8
O00803,2024-01-08,C036,Diya Joshi,Corporate,P007,Keyboard,Technology,West,6,42.75,0.1,28
O00803,2024-01-08,C036,Diya Joshi,Corporate,P004,Standing Mat,Furniture,West,4,38.85,0.3,25
O00804,2023-10-14,C013,Vihaan Shah,Home Office,P003,Bookcase,Furniture,Central,1,147.07,0,100
O00804,2023-10-14,C013,Vihaan Shah,Home Office,P005,Laptop,Technology,Central,5,856.23,0.2,720
O00804,2023-10-14,C013,Vihaan Shah,Home Office,P008,Headset,Technology,Central,6,78.65,0,50
O00804,2023-10-14,C013,Vihaan Shah,Home Office,P006,Monitor,Technology,Central,5,256.07,0,180
O00805,2024-06-25,C078,Vihaan Shah,Home Office,P004,Standing Mat,Furniture,West,1,40.34,0.2,25
O00805,2024-06-25,C078,Vihaan Shah,Home Office,P011,Printer Paper,Office Supplies,West,6,24.08,0.1,15
O00805,2024-06-25,C078,Vihaan Shah,Home Office,P005,Laptop,Technology,West,5,865.83,0.2,720
O00806,2024-11-01,C025,Sara Trivedi,Consumer,P002,Desk,Furniture,South,4,294.04,0,210
O00806,2024-11-01,C025,Sara Trivedi,Consumer,P014,Binder,Office Supplies,South,2,8.03,0,4
O00806,2024-11-01,C025,Sara Trivedi,Consumer,P009,Webcam,Technology,South,4,57.77,0,38
O00806,2024-11-01,C025,Sara Trivedi,Consumer,P010,Notebook Pack,Office Supplies,South,5,12.25,0.1,6
O00807,2023-12-22,C058,Diya Shah,Home Office,P007,Keyboard,Technology,South,5,44.92,0,28
O00808,2024-05-30,C003,Neel Bhatt,Consumer,P010,Notebook Pack,Office Supplies,South,3,12.56,0.2,6
O00808,2024-05-30,C003,Neel Bhatt,Consumer,P005,Laptop,Technology,South,1,941.02,0,720
O00809,2024-12-27,C051,Aarav Thakkar,Home Office,P011,Printer Paper,Office Supplies,West,5,24.84,0.2,15
O00809,2024-12-27,C051,Aarav Thakkar,Home Office,P009,Webcam,Technology,West,4,60.37,0.3,38
O00809,2024-12-27,C051,Aarav Thakkar,Home Office,P013,Marker Set,Office Supplies,West,2,10.11,0.3,5
O00809,2024-12-27,C051,Aarav Thakkar,Home Office,P002,Desk,Furniture,West,5,285.11,0.2,210
O00810,2023-08-12,C076,Aarav Bhatt,Consumer,P013,Marker Set,Office Supplies,West,6,9.96,0.2,5
O00811,2024-06-21,C034,Arjun Patel,Home Office,P014,Binder,Office Supplies,East,1,7.81,0.2,4
O00811,2024-06-21,C034,Arjun Patel,Home Office,P004,Standing Mat,Furniture,East,5,38.90,0,25
O00811,2024-06-21,C034,Arjun Patel,Home Office,P005,Laptop,Technology,East,6,881.27,0,720
O00812,2023-06-01,C036,Diya Joshi,Corporate,P005,Laptop,Technology,West,2,912.82,0.1,720
O00812,2023-06-01,C036,Diya Joshi,Corporate,P013,Marker Set,Office Supplies,West,1,10.03,0.2,5
O00813,2024-10-20,C048,Riya Joshi,Corporate,P002,Desk,Furniture,Central,4,306.66,0,210
O00813,2024-10-20,C048,Riya Joshi,Corporate,P012,Stapler,Office Supplies,Central,1,14.69,0.1,8
O00813,2024-10-20,C048,Riya Joshi,Corporate,P009,Webcam,Technology,Central,3,61.90,0.2,38
O00814,2023-08-13,C036,Diya Joshi,Corporate,P005,Laptop,Technology,West,5,914.16,0.2,720
O00814,2023-08-13,C036,Diya Joshi,Corporate,P001,Office Chair,Furniture,West,6,122.67,0.1,80
O00815,2024-01-27,C033,Sara Parikh,Home Office,P014,Binder,Office Supplies,Central,2,7.86,0,4
O00815,2024-01-27,C033,Sara Parikh,Home Office,P008,Headset,Technology,Central,4,81.04,0.1,50
O00816,2023-06-09,C058,Diya Shah,Home Office,P012,Stapler,Office Supplies,South,4,14.80,0.05,8
O00816,2023-06-09,C058,Diya Shah,Home Office,P014,Binder,Office Supplies,South,4,8.00,0,4
O00817,2023-07-09,C023,Aarav Desai,Consumer,P010,Notebook Pack,Office Supplies,Central,3,11.62,0.2,6
O00817,2023-07-09,C023,Aarav Desai,Consumer,P008,Headset,Technology,Central,2,78.48,0,50
O00818,2024-02-08,C078,Vihaan Shah,Home Office,P002,Desk,Furniture,West,4,297.79,0.1,210
O00818,2024-02-08,C078,Vihaan Shah,Home Office,P003,Bookcase,Furniture,West,5,144.00,0.3,100
O00819,2023-05-21,C002,Meera Desai,Consumer,P007,Keyboard,Technology,East,1,42.84,0.05,28
O00820,2024-10-21,C017,Vihaan Joshi,Corporate,P013,Marker Set,Office Supplies,Central,6,9.64,0,5
O00820,2024-10-21,C017,Vihaan Joshi,Corporate,P002,Desk,Furniture,Central,1,285.40,0.1,210
O00821,2023-04-19,C070,Rohan Parikh,Corporate,P014,Binder,Office Supplies,South,5,7.71,0,4
O00821,2023-04-19,C070,Rohan Parikh,Corporate,P012,Stapler,Office Supplies,South,3,15.47,0.05,8
O00821,2023-04-19,C070,Rohan Parikh,Corporate,P002,Desk,Furniture,South,2,299.37,0,210
O00822,2023-02-27,C070,Rohan Parikh,Corporate,P011,Printer Paper,Office Supplies,South,1,25.81,0,15
O00822,2023-02-27,C070,Rohan Parikh,Corporate,P009,Webcam,Technology,South,5,58.78,0.1,38
O00822,2023-02-27,C070,Rohan Parikh,Corporate,P002,Desk,Furniture,South,2,289.26,0.05,210
O00823,2023-01-25,C030,Diya Patel,Consumer,P007,Keyboard,Technology,West,6,43.77,0.3,28
O00823,2023-01-25,C030,Diya Patel,Consumer,P003,Bookcase,Furniture,West,6,152.80,0.3,100
O00823,2023-01-25,C030,Diya Patel,Consumer,P006,Monitor,Technology,West,1,249.80,0.1,180
O00823,2023-01-25,C030,Diya Patel,Consumer,P011,Printer Paper,Office Supplies,West,3,24.00,0.2,15
O00824,2024-01-01,C010,Isha Shah,Consumer,P002,Desk,Furniture,South,2,303.14,0,210
O00824,2024-01-01,C010,Isha Shah,Consumer,P006,Monitor,Technology,South,5,250.76,0.05,180
O00824,2024-01-01,C010,Isha Shah,Consumer,P014,Binder,Office Supplies,South,2,8.14,0,4
O00825,2024-11-14,C080,Vihaan Thakkar,Home Office,P006,Monitor,Technology,Central,3,254.04,0.05,180
O00825,2024-11-14,C080,Vihaan Thakkar,Home Office,P002,Desk,Furniture,Central,1,308.96,0.2,210
O00825,2024-11-14,C080,Vihaan Thakkar,Home Office,P005,Laptop,Technology,Central,2,925.00,0,720
O00826,2023-11-15,C062,Diya Desai,Consumer,P002,Desk,Furniture,West,6,297.82,0.2,210
O00827,2023-10-11,C017,Vihaan Joshi,Corporate,P013,Marker Set,Office Supplies,Central,4,9.82,0,5
O00827,2023-10-11,C017,Vihaan Joshi,Corporate,P007,Keyboard,Technology,Central,4,45.87,0.05,28
O00828,2024-09-08,C043,Aarav Desai,Home Office,P013,Marker Set,Office Supplies,East,5,9.88,0,5
O00828,2024-09-08,C043,Aarav Desai,Home Office,P011,Printer Paper,Office Supplies,East,4,25.10,0.05,15
O00829,2024-06-29,C069,Kabir Modi,Consumer,P007,Keyboard,Technology,South,5,45.97,0.1,28
O00829,2024-06-29,C069,Kabir Modi,Consumer,P002,Desk,Furniture,South,6,308.30,0.1,210
O00830,2023-08-13,C012,Aarav Parikh,Home Office,P006,Monitor,Technology,East,1,262.35,0,180
O00830,2023-08-13,C012,Aarav Parikh,Home Office,P001,Office Chair,Furniture,East,2,120.70,0,80
O00831,2023-04-23,C008,Aarav Mehta,Home Office,P006,Monitor,Technology,South,5,249.01,0,180
O00831,2023-04-23,C008,Aarav Mehta,Home Office,P013,Marker Set,Office Supplies,South,2,9.74,0.05,5
O00831,2023-04-23,C008,Aarav Mehta,Home Office,P003,Bookcase,Furniture,South,1,153.70,0,100
O00832,2024-12-13,C049,Anaya Bhatt,Corporate,P012,Stapler,Office Supplies,East,6,14.81,0.05,8
O00833,2023-04-19,C075,Sara Parikh,Home Office,P008,Headset,Technology,West,1,82.96,0.2,50
O00834,2023-05-31,C047,Meera Bhatt,Home Office,P002,Desk,Furniture,West,4,285.37,0.1,210
O00834,2023-05-31,C047,Meera Bhatt,Home Office,P004,Standing Mat,Furniture,West,4,41.06,0.2,25
O00835,2023-05-24,C068,Anaya Desai,Corporate,P008,Headset,Technology,East,6,79.55,0,50
O00835,2023-05-24,C068,Anaya Desai,Corporate,P007,Keyboard,Technology,East,1,42.81,0.2,28
O00835,2023-05-24,C068,Anaya Desai,Corporate,P012,Stapler,Office Supplies,East,6,14.34,0,8
O00836,2023-02-02,C078,Vihaan Shah,Home Office,P009,Webcam,Technology,West,4,59.38,0.1,38
O00836,2023-02-02,C078,Vihaan Shah,Home Office,P003,Bookcase,Furniture,West,3,150.81,0.3,100
O00837,2024-08-08,C065,Diya Parikh,Home Office,P012,Stapler,Office Supplies,East,1,14.66,0,8
O00837,2024-08-08,C065,Diya Parikh,Home Office,P004,Standing Mat,Furniture,East,2,39.51,0.1,25
O00837,2024-08-08,C065,Diya Parikh,Home Office,P007,Keyboard,Technology,East,5,43.70,0.2,28
O00838,2023-02-27,C029,Isha Desai,Consumer,P003,Bookcase,Furniture,South,4,154.75,0,100
O00838,2023-02-27,C029,Isha Desai,Consumer,P012,Stapler,Office Supplies,South,6,14.72,0.05,8
O00838,2023-02-27,C029,Isha Desai,Consumer,P009,Webcam,Technology,South,2,61.96,0.05,38
O00838,2023-02-27,C029,Isha Desai,Consumer,P010,Notebook Pack,Office Supplies,South,6,12.36,0,6
O00839,2024-03-10,C025,Sara Trivedi,Consumer,P002,Desk,Furniture,South,3,303.10,0,210
O00839,2024-03-10,C025,Sara Trivedi,Consumer,P014,Binder,Office Supplies,South,2,7.79,0,4
O00839,2024-03-10,C025,Sara Trivedi,Consumer,P013,Marker Set,Office Supplies,South,2,9.61,0.1,5
O00840,2024-09-03,C002,Meera Desai,Consumer,P004,Standing Mat,Furniture,East,2,41.72,0.2,25
O00840,2024-09-03,C002,Meera Desai,Consumer,P009,Webcam,Technology,East,5,57.51,0,38
O00840,2024-09-03,C002,Meera Desai,Consumer,P014,Binder,Office Supplies,East,4,7.64,0.1,4
O00841,2023-02-16,C007,Meera Parikh,Home Office,P002,Desk,Furniture,Central,4,307.55,0,210
O00841,2023-02-16,C007,Meera Parikh,Home Office,P005,Laptop,Technology,Central,4,872.54,0.1,720
O00841,2023-02-16,C007,Meera Parikh,Home Office,P001,Office Chair,Furniture,Central,2,118.27,0.2,80
O00842,2024-12-20,C043,Aarav Desai,Home Office,P012,Stapler,Office Supplies,East,4,14.29,0,8
O00842,2024-12-20,C043,Aarav Desai,Home Office,P009,Webcam,Technology,East,1,60.52,0.05,38
O00842,2024-12-20,C043,Aarav Desai,Home Office,P002,Desk,Furniture,East,6,289.84,0,210
O00842,2024-12-20,C043,Aarav Desai,Home Office,P013,Marker Set,Office Supplies,East,6,9.58,0.05,5
O00843,2023-04-06,C030,Diya Patel,Consumer,P013,Marker Set,Office Supplies,West,2,10.27,0.2,5
O00843,2023-04-06,C030,Diya Patel,Consumer,P011,Printer Paper,Office Supplies,West,6,25.04,0.2,15
O00844,2024-09-15,C067,Meera Mehta,Corporate,P008,Headset,Technology,South,5,78.33,0,50
O00844,2024-09-15,C067,Meera Mehta,Corporate,P013,Marker Set,Office Supplies,South,6,9.54,0.05,5
O00844,2024-09-15,C067,Meera Mehta,Corporate,P003,Bookcase,Furniture,South,2,148.31,0.2,100
O00845,2024-09-17,C078,Vihaan Shah,Home Office,P003,Bookcase,Furniture,West,4,151.92,0.2,100
O00846,2023-04-10,C002,Meera Desai,Consumer,P013,Marker Set,Office Supplies,East,1,10.37,0.1,5
O00846,2023-04-10,C002,Meera Desai,Consumer,P005,Laptop,Technology,East,3,863.47,0.05,720
O00847,2023-06-23,C038,Arjun Mehta,Home Office,P002,Desk,Furniture,East,1,295.90,0.1,210
O00847,2023-06-23,C038,Arjun Mehta,Home Office,P005,Laptop,Technology,East,4,871.13,0,720
O00848,2023-09-22,C061,Aarav Modi,Home Office,P013,Marker Set,Office Supplies,Central,5,10.44,0,5
O00848,2023-09-22,C061,Aarav Modi,Home Office,P008,Headset,Technology,Central,3,76.32,0.05,50
O00848,2023-09-22,C061,Aarav Modi,Home Office,P011,Printer Paper,Office Supplies,Central,5,24.77,0.05,15
O00849,2024-11-12,C066,Aarav Bhatt,Consumer,P006,Monitor,Technology,East,3,250.15,0.05,180
O00849,2024-11-12,C066,Aarav Bhatt,Consumer,P002,Desk,Furniture,East,6,286.28,0.2,210
O00849,2024-11-12,C066,Aarav Bhatt,Consumer,P011,Printer Paper,Office Supplies,East,2,25.60,0,15
O00850,2024-12-17,C002,Meera Desai,Consumer,P014,Binder,Office Supplies,East,5,7.90,0,4
O00850,2024-12-17,C002,Meera Desai,Consumer,P002,Desk,Furniture,East,2,310.61,0.05,210
O00851,2024-02-02,C060,Riya Patel,Home Office,P006,Monitor,Technology,East,5,249.21,0.05,180
O00852,2024-04-21,C014,Neel Thakkar,Corporate,P003,Bookcase,Furniture,West,4,156.26,0.1,100
O00853,2024-03-19,C026,Vihaan Parikh,Consumer,P006,Monitor,Technology,Central,6,249.66,0.1,180
O00853,2024-03-19,C026,Vihaan Parikh,Consumer,P002,Desk,Furniture,Central,3,299.29,0.2,210
O00853,2024-03-19,C026,Vihaan Parikh,Consumer,P014,Binder,Office Supplies,Central,2,7.63,0.05,4
O00853,2024-03-19,C026,Vihaan Parikh,Consumer,P012,Stapler,Office Supplies,Central,2,14.47,0.05,8
O00854,2023-11-24,C077,Diya Thakkar,Consumer,P001,Office Chair,Furniture,West,2,116.56,0.3,80
O00854,2023-11-24,C077,Diya Thakkar,Consumer,P013,Marker Set,Office Supplies,West,6,10.45,0.1,5
O00854,2023-11-24,C077,Diya Thakkar,Consumer,P006,Monitor,Technology,West,6,244.25,0.3,180
O00854,2023-11-24,C077,Diya Thakkar,Consumer,P007,Keyboard,Technology,West,1,43.13,0.2,28
O00855,2023-10-10,C058,Diya Shah,Home Office,P009,Webcam,Technology,South,1,61.98,0,38
O00855,2023-10-10,C058,Diya Shah,Home Office,P004,Standing Mat,Furniture,South,3,39.37,0.05,25
O00855,2023-10-10,C058,Diya Shah,Home Office,P011,Printer Paper,Office Supplies,South,4,24.25,0,15
O00855,2023-10-10,C058,Diya Shah,Home Office,P005,Laptop,Technology,South,6,897.79,0.05,720
O00856,2023-06-14,C056,Riya Thakkar,Home Office,P012,Stapler,Office Supplies,South,5,15.09,0,8
O00856,2023-06-14,C056,Riya Thakkar,Home Office,P010,Notebook Pack,Office Supplies,South,6,11.49,0,6
O00856,2023-06-14,C056,Riya Thakkar,Home Office,P007,Keyboard,Technology,South,3,45.52,0.1,28
O00857,2024-11-11,C041,Sara Trivedi,Corporate,P003,Bookcase,Furniture,East,4,156.51,0.05,100
O00858,2023-11-22,C053,Riya Patel,Consumer,P009,Webcam,Technology,East,2,62.66,0.05,38
O00858,2023-11-22,C053,Riya Patel,Consumer,P012,Stapler,Office Supplies,East,5,14.92,0.2,8
O00858,2023-11-22,C053,Riya Patel,Consumer,P001,Office Chair,Furniture,East,6,114.44,0,80
O00859,2023-07-12,C054,Aarav Trivedi,Consumer,P010,Notebook Pack,Office Supplies,West,2,11.82,0.2,6
O00859,2023-07-12,C054,Aarav Trivedi,Consumer,P007,Keyboard,Technology,West,3,47.05,0.2,28
O00860,2024-01-08,C003,Neel Bhatt,Consumer,P005,Laptop,Technology,South,4,899.92,0.2,720
O00860,2024-01-08,C003,Neel Bhatt,Consumer,P009,Webcam,Technology,South,3,59.46,0.05,38
O00860,2024-01-08,C003,Neel Bhatt,Consumer,P002,Desk,Furniture,South,3,297.78,0.1,210
O00861,2023-04-27,C023,Aarav Desai,Consumer,P007,Keyboard,Technology,Central,4,43.48,0.1,28
O00861,2023-04-27,C023,Aarav Desai,Consumer,P006,Monitor,Technology,Central,6,244.63,0.05,180
O00861,2023-04-27,C023,Aarav Desai,Consumer,P003,Bookcase,Furniture,Central,6,152.70,0.2,100
O00861,2023-04-27,C023,Aarav Desai,Consumer,P009,Webcam,Technology,Central,1,61.21,0,38
O00862,2023-03-31,C014,Neel Thakkar,Corporate,P011,Printer Paper,Office Supplies,West,4,25.29,0.1,15
O00863,2023-04-17,C064,Kabir Joshi,Corporate,P011,Printer Paper,Office Supplies,West,1,25.01,0.3,15
O00864,2024-11-14,C028,Riya Thakkar,Corporate,P013,Marker Set,Office Supplies,South,2,9.88,0.1,5
O00864,2024-11-14,C028,Riya Thakkar,Corporate,P008,Headset,Technology,South,3,83.60,0.05,50
O00865,2024-04-20,C053,Riya Patel,Consumer,P001,Office Chair,Furniture,East,6,117.21,0,80
O00865,2024-04-20,C053,Riya Patel,Consumer,P006,Monitor,Technology,East,4,245.18,0,180
O00865,2024-04-20,C053,Riya Patel,Consumer,P004,Standing Mat,Furniture,East,4,38.97,0.2,25
O00865,2024-04-20,C053,Riya Patel,Consumer,P009,Webcam,Technology,East,2,57.09,0,38
O00866,2024-01-19,C067,Meera Mehta,Corporate,P006,Monitor,Technology,South,4,243.55,0.05,180
O00866,2024-01-19,C067,Meera Mehta,Corporate,P003,Bookcase,Furniture,South,4,151.74,0,100
O00866,2024-01-19,C067,Meera Mehta,Corporate,P010,Notebook Pack,Office Supplies,South,5,12.36,0,6
O00867,2024-03-15,C017,Vihaan Joshi,Corporate,P012,Stapler,Office Supplies,Central,2,14.49,0.1,8
O00867,2024-03-15,C017,Vihaan Joshi,Corporate,P003,Bookcase,Furniture,Central,2,153.15,0,100
O00867,2024-03-15,C017,Vihaan Joshi,Corporate,P007,Keyboard,Technology,Central,5,43.28,0.1,28
O00867,2024-03-15,C017,Vihaan Joshi,Corporate,P006,Monitor,Technology,Central,6,258.58,0.05,180
O00868,2023-09-24,C071,Riya Bhatt,Home Office,P006,Monitor,Technology,South,4,239.83,0,180
O00868,2023-09-24,C071,Riya Bhatt,Home Office,P004,Standing Mat,Furniture,South,5,40.52,0,25
O00869,2023-06-06,C004,Aarav Patel,Consumer,P010,Notebook Pack,Office Supplies,West,6,11.43,0.3,6
O00870,2023-05-14,C059,Isha Modi,Corporate,P003,Bookcase,Furniture,South,5,146.95,0,100
O00870,2023-05-14,C059,Isha Modi,Corporate,P004,Standing Mat,Furniture,South,4,40.91,0,25
O00870,2023-05-14,C059,Isha Modi,Corporate,P011,Printer Paper,Office Supplies,South,3,25.40,0,15
O00871,2023-03-26,C019,Neel Joshi,Home Office,P011,Printer Paper,Office Supplies,East,1,25.92,0.1,15
O00872,2024-04-15,C077,Diya Thakkar,Consumer,P002,Desk,Furniture,West,2,293.47,0.2,210
O00873,2023-04-06,C010,Isha Shah,Consumer,P014,Binder,Office Supplies,South,1,7.99,0,4
O00873,2023-04-06,C010,Isha Shah,Consumer,P006,Monitor,Technology,South,6,239.34,0.05,180
O00873,2023-04-06,C010,Isha Shah,Consumer,P004,Standing Mat,Furniture,South,4,38.84,0,25
O00873,2023-04-06,C010,Isha Shah,Consumer,P007,Keyboard,Technology,South,6,46.75,0.05,28
O00874,2024-04-06,C021,Kabir Parikh,Corporate,P005,Laptop,Technology,Central,6,914.37,0,720
O00874,2024-04-06,C021,Kabir Parikh,Corporate,P001,Office Chair,Furniture,Central,1,124.26,0.1,80
O00875,2023-12-18,C062,Diya Desai,Consumer,P003,Bookcase,Furniture,West,1,153.63,0.2,100
O00876,2023-07-17,C078,Vihaan Shah,Home Office,P009,Webcam,Technology,West,2,60.11,0.1,38
O00877,2023-08-10,C047,Meera Bhatt,Home Office,P004,Standing Mat,Furniture,West,2,39.31,0.1,25
O00878,2023-03-27,C017,Vihaan Joshi,Corporate,P005,Laptop,Technology,Central,5,886.37,0,720
O00878,2023-03-27,C017,Vihaan Joshi,Corporate,P008,Headset,Technology,Central,6,78.35,0.2,50
O00878,2023-03-27,C017,Vihaan Joshi,Corporate,P004,Standing Mat,Furniture,Central,4,39.74,0.05,25
O00879,2023-07-17,C033,Sara Parikh,Home Office,P004,Standing Mat,Furniture,Central,4,39.12,0.2,25
O00879,2023-07-17,C033,Sara Parikh,Home Office,P011,Printer Paper,Office Supplies,Central,5,25.21,0,15
O00880,2023-11-07,C063,Arjun Parikh,Consumer,P008,Headset,Technology,South,5,80.98,0,50
O00880,2023-11-07,C063,Arjun Parikh,Consumer,P007,Keyboard,Technology,South,5,44.68,0.05,28
O00880,2023-11-07,C063,Arjun Parikh,Consumer,P010,Notebook Pack,Office Supplies,South,6,11.85,0,6
O00880,2023-11-07,C063,Arjun Parikh,Consumer,P005,Laptop,Technology,South,1,895.45,0,720
O00881,2024-06-07,C033,Sara Parikh,Home Office,P005,Laptop,Technology,Central,1,890.85,0,720
O00881,2024-06-07,C033,Sara Parikh,Home Office,P010,Notebook Pack,Office Supplies,Central,4,12.37,0,6
O00881,2024-06-07,C033,Sara Parikh,Home Office,P011,Printer Paper,Office Supplies,Central,1,24.64,0,15
O00881,2024-06-07,C033,Sara Parikh,Home Office,P009,Webcam,Technology,Central,3,60.94,0,38
O00882,2023-05-29,C041,Sara Trivedi,Corporate,P001,Office Chair,Furniture,East,6,122.26,0,80
O00883,2023-12-19,C042,Diya Trivedi,Corporate,P009,Webcam,Technology,West,2,58.70,0.3,38
O00883,2023-12-19,C042,Diya Trivedi,Corporate,P002,Desk,Furniture,West,5,291.52,0.2,210
O00884,2023-10-12,C010,Isha Shah,Consumer,P011,Printer Paper,Office Supplies,South,1,24.25,0,15
O00884,2023-10-12,C010,Isha Shah,Consumer,P013,Marker Set,Office Supplies,South,3,10.00,0.05,5
O00884,2023-10-12,C010,Isha Shah,Consumer,P007,Keyboard,Technology,South,4,43.29,0.05,28
O00884,2023-10-12,C010,Isha Shah,Consumer,P006,Monitor,Technology,South,5,252.54,0,180
O00885,2024-01-28,C031,Neel Mehta,Home Office,P005,Laptop,Technology,South,5,912.93,0,720
O00886,2023-01-05,C060,Riya Patel,Home Office,P003,Bookcase,Furniture,East,1,156.27,0.1,100
O00886,2023-01-05,C060,Riya Patel,Home Office,P007,Keyboard,Technology,East,1,45.65,0,28
O00886,2023-01-05,C060,Riya Patel,Home Office,P001,Office Chair,Furniture,East,4,115.14,0.05,80
O00887,2023-11-25,C045,Kabir Parikh,Home Office,P002,Desk,Furniture,West,3,286.41,0.2,210
O00887,2023-11-25,C045,Kabir Parikh,Home Office,P009,Webcam,Technology,West,6,59.96,0.3,38
O00887,2023-11-25,C045,Kabir Parikh,Home Office,P006,Monitor,Technology,West,5,258.58,0.1,180
O00887,2023-11-25,C045,Kabir Parikh,Home Office,P008,Headset,Technology,West,1,76.23,0.1,50
O00888,2023-01-11,C018,Kabir Trivedi,Corporate,P006,Monitor,Technology,West,1,243.16,0.3,180
O00889,2023-07-15,C048,Riya Joshi,Corporate,P012,Stapler,Office Supplies,Central,1,14.64,0,8
O00890,2023-04-24,C007,Meera Parikh,Home Office,P002,Desk,Furniture,Central,4,303.38,0.2,210
O00890,2023-04-24,C007,Meera Parikh,Home Office,P005,Laptop,Technology,Central,2,917.88,0,720
O00890,2023-04-24,C007,Meera Parikh,Home Office,P006,Monitor,Technology,Central,2,249.02,0.1,180
O00891,2023-11-23,C075,Sara Parikh,Home Office,P011,Printer Paper,Office Supplies,West,5,25.07,0.2,15
O00891,2023-11-23,C075,Sara Parikh,Home Office,P008,Headset,Technology,West,3,81.29,0.3,50
O00891,2023-11-23,C075,Sara Parikh,Home Office,P014,Binder,Office Supplies,West,4,8.22,0.3,4
O00891,2023-11-23,C075,Sara Parikh,Home Office,P002,Desk,Furniture,West,3,287.75,0.2,210
O00892,2024-12-18,C032,Sara Shah,Corporate,P012,Stapler,Office Supplies,South,1,15.71,0,8
O00892,2024-12-18,C032,Sara Shah,Corporate,P002,Desk,Furniture,South,2,285.39,0,210
O00893,2024-04-24,C050,Meera Desai,Consumer,P008,Headset,Technology,Central,5,77.67,0,50
O00893,2024-04-24,C050,Meera Desai,Consumer,P002,Desk,Furniture,Central,3,300.42,0.1,210
O00894,2023-11-16,C020,Sara Mehta,Home Office,P003,Bookcase,Furniture,West,4,156.25,0.2,100
O00895,2024-04-08,C080,Vihaan Thakkar,Home Office,P013,Marker Set,Office Supplies,Central,4,9.57,0,5
O00895,2024-04-08,C080,Vihaan Thakkar,Home Office,P007,Keyboard,Technology,Central,5,45.84,0,28
O00896,2024-10-15,C014,Neel Thakkar,Corporate,P004,Standing Mat,Furniture,West,2,41.58,0.1,25
O00897,2023-10-22,C068,Anaya Desai,Corporate,P006,Monitor,Technology,East,2,246.36,0,180
O00897,2023-10-22,C068,Anaya Desai,Corporate,P005,Laptop,Technology,East,4,890.72,0,720
O00897,2023-10-22,C068,Anaya Desai,Corporate,P002,Desk,Furniture,East,4,295.01,0.1,210
O00897,2023-10-22,C068,Anaya Desai,Corporate,P009,Webcam,Technology,East,1,59.22,0,38
O00898,2024-10-14,C025,Sara Trivedi,Consumer,P004,Standing Mat,Furniture,South,5,39.10,0.1,25
O00898,2024-10-14,C025,Sara Trivedi,Consumer,P007,Keyboard,Technology,South,1,45.08,0.05,28
O00898,2024-10-14,C025,Sara Trivedi,Consumer,P003,Bookcase,Furniture,South,2,143.25,0.2,100
O00899,2023-04-24,C029,Isha Desai,Consumer,P001,Office Chair,Furniture,South,2,120.90,0,80
O00900,2023-03-09,C069,Kabir Modi,Consumer,P005,Laptop,Technology,South,6,934.43,0,720
O00648,2023-05-01,C028,Riya Thakkar,Corporate,P008,Headset,Technology,South,1,78.95,0.1,50
O00626,2023-01-22,C021,Kabir Parikh,Corporate,P012,Stapler,Office Supplies,Central,5,14.91,0,8
O00627,2024-11-10,C050,Meera Desai,Consumer,P011,Printer Paper,Office Supplies,Central,6,24.27,0.1,15
O00169,2024-12-02,C009,Isha Joshi,Consumer,P005,Laptop,Technology,West,4,888.70,0.3,720
O00354,2024-10-05,C024,Vihaan Joshi,Consumer,P010,Notebook Pack,Office Supplies,West,4,12.26,0.3,6
O00431,2024-01-31,C030,Diya Patel,Consumer,P002,Desk,Furniture,West,6,301.82,0.3,210
O00802,2024-01-25,C053,Riya Patel,Consumer,P012,Stapler,Office Supplies,East,4,14.75,0,8
O00333,2023-06-13,C054,Aarav Trivedi,Consumer,P006,Monitor,Technology,West,5,261.26,0.2,180
O00277,2024-12-18,C067,Meera Mehta,Corporate,P007,Keyboard,Technology,South,1,45.28,0,28
O00330,2023-08-19,C048,Riya Joshi,Corporate,P012,Stapler,Office Supplies,Central,2,14.36,0.2,8
O00556,2023-03-21,C003,Neel Bhatt,Consumer,P004,Standing Mat,Furniture,South,1,39.21,0,25
O00464,2024-06-02,C004,Aarav Patel,Consumer,P009,Webcam,Technology,West,5,61.39,0.3,38
O00005,2023-10-11,C017,Vihaan Joshi,Corporate,P012,Stapler,Office Supplies,Central,6,14.42,0,8
O00159,2023-06-29,C054,Aarav Trivedi,Consumer,P007,Keyboard,Technology,West,1,46.70,0.3,28
O00300,2024-01-03,C025,Sara Trivedi,Consumer,P007,Keyboard,Technology,South,1,43.70,0,28
O00814,2023-08-13,C036,Diya Joshi,Corporate,P005,Laptop,Technology,West,5,914.16,0.2,720
O00766,2024-01-27,C036,Diya Joshi,Corporate,P001,Office Chair,Furniture,West,5,116.70,0.2,80
O00490,2023-06-07,C064,Kabir Joshi,Corporate,P013,Marker Set,Office Supplies,West,2,10.23,0.3,5
O00385,2024-05-02,C013,Vihaan Shah,Home Office,P005,Laptop,Technology,Central,5,933.06,0,720
O00276,2023-06-01,C077,Diya Thakkar,Consumer,P012,Stapler,Office Supplies,West,3,14.74,0.2,8
O00506,2024-04-05,C003,Neel Bhatt,Consumer,P006,Monitor,Technology,South,6,245.94,0,180
O00119,2023-07-11,C011,Diya Trivedi,Corporate,P002,Desk,Furniture,Central,5,308.59,0.1,210
O00270,2023-11-02,C051,Aarav Thakkar,Home Office,P013,Marker Set,Office Supplies,West,4,10.48,0.3,5
O00306,2024-05-24,C026,Vihaan Parikh,Consumer,P013,Marker Set,Office Supplies,Central,3,10.47,0.1,5
O00532,2023-04-22,C022,Neel Bhatt,Consumer,P003,Bookcase,Furniture,Central,6,148.75,0,100
X00000,2023-07-22,,Sara Shah,Corporate,P005,Laptop,Technology,South,4,888.99,0.05,720
X00001,2023-11-19,,Sara Shah,Corporate,P002,Desk,Furniture,South,6,293.55,0.1,210
X00002,2023-08-29,,Neel Bhatt,Corporate,P009,Webcam,Technology,Central,2,57.92,0.2,38
X00003,2023-08-03,,Riya Thakkar,Corporate,P012,Stapler,Office Supplies,South,5,14.79,0,8
X00004,2023-07-08,,Neel Shah,Consumer,P006,Monitor,Technology,Central,3,260.32,0.1,180
X00005,2023-12-22,,Anaya Desai,Corporate,P003,Bookcase,Furniture,East,5,156.84,0.05,100
X00006,2023-07-15,,Diya Trivedi,Corporate,P012,Stapler,Office Supplies,Central,2,15.08,0.05,8
X00007,2023-12-07,,Riya Patel,Home Office,P009,Webcam,Technology,East,3,63.00,0.1,38
X00008,2023-05-19,,Diya Desai,Consumer,P007,Keyboard,Technology,West,1,43.86,0.2,28
X00009,2024-03-31,,Aarav Parikh,Home Office,P011,Printer Paper,Office Supplies,East,3,25.12,0,15
X00010,2024-12-18,,Meera Mehta,Corporate,P002,Desk,Furniture,South,1,302.64,0.1,210
X00011,2024-05-01,,Sara Thakkar,Consumer,P008,Headset,Technology,East,5,83.09,0.05,50
X00012,2023-03-29,,Rohan Shah,Consumer,P007,Keyboard,Technology,East,1,45.41,0.2,28
X00013,2023-10-07,,Riya Bhatt,Home Office,P003,Bookcase,Furniture,South,2,149.36,0,100
X00014,2023-04-13,,Isha Shah,Consumer,P005,Laptop,Technology,South,2,888.26,0,720
X00015,31/02/2023,C029,Isha Desai,Consumer,P006,Monitor,Technology,South,2,249.89,0.05,180
X00016,31/02/2023,C014,Neel Thakkar,Corporate,P012,Stapler,Office Supplies,West,3,14.76,0.2,8
X00017,31/02/2023,C043,Aarav Desai,Home Office,P012,Stapler,Office Supplies,East,2,15.35,0.2,8
X00018,31/02/2023,C064,Kabir Joshi,Corporate,P013,Marker Set,Office Supplies,West,5,9.91,0.3,5
X00019,31/02/2023,C071,Riya Bhatt,Home Office,P010,Notebook Pack,Office Supplies,South,2,11.79,0,6
X00020,31/02/2023,C004,Aarav Patel,Consumer,P010,Notebook Pack,Office Supplies,West,2,12.53,0.3,6
X00021,31/02/2023,C014,Neel Thakkar,Corporate,P009,Webcam,Technology,West,2,58.91,0.2,38
X00022,31/02/2023,C023,Aarav Desai,Consumer,P004,Standing Mat,Furniture,Central,6,40.46,0,25
X00023,not a date,C026,Vihaan Parikh,Consumer,P006,Monitor,Technology,Central,6,249.66,0.1,180
X00024,not a date,C048,Riya Joshi,Corporate,P009,Webcam,Technology,Central,3,61.90,0.2,38
X00025,not a date,C040,Kabir Trivedi,Consumer,P011,Printer Paper,Office Supplies,East,1,24.22,0,15
X00026,not a date,C010,Isha Shah,Consumer,P008,Headset,Technology,South,2,82.87,0.05,50
X00027,not a date,C026,Vihaan Parikh,Consumer,P011,Printer Paper,Office Supplies,Central,1,25.56,0.2,15
X00028,not a date,C066,Aarav Bhatt,Consumer,P008,Headset,Technology,East,3,81.38,0.05,50
X00029,not a date,C036,Diya Joshi,Corporate,P005,Laptop,Technology,West,3,914.32,0.2,720
X00030,2024-07-06,C021,Kabir Parikh,Corporate,P002,Desk,Furniture,Central,-2,308.06,0.05,210
X00031,2023-07-26,C020,Sara Mehta,Home Office,P001,Office Chair,Furniture,West,-2,120.25,0.1,80
X00032,2024-03-17,C063,Arjun Parikh,Consumer,P009,Webcam,Technology,South,-2,62.48,0,38
X00033,2024-06-16,C018,Kabir Trivedi,Corporate,P012,Stapler,Office Supplies,West,-2,14.94,0.3,8
X00034,2023-11-25,C045,Kabir Parikh,Home Office,P002,Desk,Furniture,West,-2,286.41,0.2,210
X00035,2023-04-19,C074,Riya Trivedi,Consumer,P008,Headset,Technology,East,-2,82.34,0,50
X00036,2023-11-11,C012,Aarav Parikh,Home Office,P002,Desk,Furniture,East,-2,292.20,0.2,210
X00037,2024-07-08,C047,Meera Bhatt,Home Office,P011,Printer Paper,Office Supplies,West,-2,24.55,0.2,15
X00038,2024-10-14,C035,Neel Bhatt,Corporate,P005,Laptop,Technology,Central,-2,877.10,0,720
X00039,2023-06-01,C034,Arjun Patel,Home Office,P011,Printer Paper,Office Supplies,East,-2,25.20,0.1,15
X00040,2024-07-09,C060,Riya Patel,Home Office,P004,Standing Mat,Furniture,East,1,39.52,1.5,25
X00041,2023-03-08,C047,Meera Bhatt,Home Office,P006,Monitor,Technology,West,4,258.60,1.5,180
X00042,2024-05-25,C031,Neel Mehta,Home Office,P009,Webcam,Technology,South,3,59.90,1.5,38
X00043,2023-12-22,C068,Anaya Desai,Corporate,P005,Laptop,Technology,East,3,898.58,1.5,720
X00044,2024-09-03,C002,Meera Desai,Consumer,P004,Standing Mat,Furniture,East,2,41.72,1.5,25
X00045,2024-07-18,C035,Neel Bhatt,Corporate,P001,Office Chair,Furniture,Central,4,117.82,1.5,80
X00046,2023-01-07,C069,Kabir Modi,Consumer,P001,Office Chair,Furniture,South,1,125.73,1.5,80
X00047,2024-09-19,C030,Diya Patel,Consumer,P010,Notebook Pack,Office Supplies,West,2,12.05,1.5,6
X00048,2024-12-20,C043,Aarav Desai,Home Office,P012,Stapler,Office Supplies,East,4,14.29,1.5,8
X00049,2023-01-30,C064,Kabir Joshi,Corporate,P004,Standing Mat,Furniture,West,5,40.22,1.5,25
X00050,2023-02-15,C002,Meera Desai,Consumer,P008,Headset,Technology,East,1,N/A,0,50
X00051,2023-05-28,C024,Vihaan Joshi,Consumer,P013,Marker Set,Office Supplies,West,6,N/A,0.3,5
X00052,2024-11-07,C076,Aarav Bhatt,Consumer,P007,Keyboard,Technology,West,2,N/A,0.2,28
X00053,2023-11-19,C032,Sara Shah,Corporate,P002,Desk,Furniture,South,6,N/A,0.1,210
X00054,2024-06-02,C008,Aarav Mehta,Home Office,P008,Headset,Technology,South,5,N/A,0,50
X00055,2024-06-25,C078,Vihaan Shah,Home Office,P011,Printer Paper,Office Supplies,West,6,N/A,0.1,15
X00056,2023-06-12,C040,Kabir Trivedi,Consumer,P009,Webcam,Technology,East,1,N/A,0.05,38
X00057,2024-10-16,C045,Kabir Parikh,Home Office,P008,Headset,Technology,West,5,N/A,0.3,50
X00058,11/09/2023,C007,Meera Parikh,Home Office,P003,Bookcase,Furniture,Central,4,143.72,0.2,100
X00059,09/08/2024,C013,Vihaan Shah,Home Office,P002,Desk,Furniture,Central,6,299.90,0,210
X00060,01/04/2024,C031,Neel Mehta,Home Office,P001,Office Chair,Furniture,South,1,118.58,0,80
X00061,27/03/2024,C041,Sara Trivedi,Corporate,P007,Keyboard,Technology,East,6,46.68,0.05,28
X00062,22/05/2024,C022,Neel Bhatt,Consumer,P013,Marker Set,Office Supplies,Central,3,9.82,0.05,5
X00063,19/09/2024,C034,Arjun Patel,Home Office,P006,Monitor,Technology,East,1,257.46,0.2,180
X00064,05/05/2024,C027,Kabir Desai,Home Office,P005,Laptop,Technology,Central,1,941.59,0,720
X00065,15/12/2024,C032,Sara Shah,Corporate,P007,Keyboard,Technology,South,6,46.46,0.2,28
X00066,28/01/2024,C031,Neel Mehta,Home Office,P005,Laptop,Technology,South,5,912.93,0,720
X00067,16/01/2023,C052,Sara Desai,Consumer,P001,Office Chair,Furniture,East,6,116.64,0.05,80
X00068,2023-11-24,C077,Diya Thakkar,Consumer,P007,Keyboard,Technology,  WEST ,1,43.13,0.2,28
X00069,2023-02-03,C059,Isha Modi,Corporate,P006,Monitor,Technology,  SOUTH ,3,242.48,0.2,180
X00070,2023-11-12,C079,Sara Thakkar,Consumer,P008,Headset,Technology,  EAST ,2,81.92,0,50
X00071,2023-10-12,C045,Kabir Parikh,Home Office,P012,Stapler,Office Supplies,  WEST ,6,15.04,0.1,8
X00072,2023-10-12,C009,Isha Joshi,Consumer,P008,Headset,Technology,  WEST ,2,79.13,0.1,50
X00073,2024-03-01,C064,Kabir Joshi,Corporate,P007,Keyboard,Technology,  WEST ,5,45.96,0.2,28
X00074,2024-12-24,C001,Neel Shah,Consumer,P014,Binder,Office Supplies,  CENTRAL ,3,7.69,0.05,4
X00075,2024-04-17,C022,Neel Bhatt,Consumer,P001,Office Chair,Furniture,  CENTRAL ,5,116.16,0,80
X00076,2024-11-03,C028,Riya Thakkar,Corporate,P012,Stapler,Office Supplies,  SOUTH ,5,14.38,0,8
X00077,2023-07-07,C015,Riya Shah,Consumer,P008,Headset,Technology,  WEST ,6,76.90,0.2,50
X00078,2023-06-18,C033,Sara Parikh,Home Office,P006,Monitor,Technology,Central,4,246.64,,180
X00079,2024-12-20,C043,Aarav Desai,Home Office,P013,Marker Set,Office Supplies,East,6,9.58,,5
X00080,2024-04-17,C018,Kabir Trivedi,Corporate,P001,Office Chair,Furniture,West,5,117.48,,80
X00081,2023-11-23,C063,Arjun Parikh,Consumer,P007,Keyboard,Technology,South,5,43.26,,28
X00082,2023-03-28,C038,Arjun Mehta,Home Office,P010,Notebook Pack,Office Supplies,East,1,11.73,,6
X00083,2023-07-22,C032,Sara Shah,Corporate,P004,Standing Mat,Furniture,South,3,41.80,,25
X00084,2023-03-21,C003,Neel Bhatt,Consumer,P007,Keyboard,Technology,South,4,45.42,,28
X00085,2024-06-02,C004,Aarav Patel,Consumer,P004,Standing Mat,Furniture,West,5,41.29,,25
